customer_id,actual_revenue,predicted_revenue,churn
1297305,310801.05,310801.05,True
1104217,194364.56,194364.56000000003,True
1437927,21212.15,21212.150000000198,True
1411648,103404.08,103404.08000000013,True
1482704,87865.8,87865.8000000001,True
1010669,121791.04,121791.0400000001,True
1402146,58665.88,58665.88000000012,True
1394706,270045.3,270045.3,True
1415789,172833.6,172833.6000000001,True
1262244,38032.98,38032.980000000156,True
1267647,568400.8,568400.8,True
1071828,31253.32,31253.320000000123,True
1140080,62306.64,62306.64000000007,True
1309033,64483.6,64483.60000000015,True
1276638,39203.58,39203.58000000013,True
1351585,52734.4,52734.40000000008,True
1458237,215073.95,215073.95,True
1260347,47151.02,47151.02000000008,True
1370472,403242.45,403242.44999999995,True
1329342,349558.59,349558.59,True
1138680,261651.75,261651.75,True
1022658,5811.44,5811.440000000119,True
1252059,222476.01,222476.01,True
1072523,246218.86,246218.86000000004,True
1000514,752108.78,752108.7799999999,True
1108333,25296.06,25296.060000000114,True
1249780,54854.2,54854.20000000013,True
1215559,372598.35,372598.35,True
1045055,162232.62,162232.62000000005,True
1430707,81853.74,81853.74000000005,True
1421847,193080.6,193080.6000000001,True
1053663,176254.6,176254.6000000001,True
1033801,377801.78,377801.77999999997,True
1230820,393098.98,393098.9799999999,True
1121029,611931.54,611931.5399999999,True
1109641,423186.8,423186.79999999993,True
1203521,49884.3,49884.300000000105,True
1359558,21719.37,21719.37000000011,True
1385498,42557.8,42557.800000000105,True
1106067,13197.99,13197.990000000165,True
1393051,98339.92,98339.92000000004,True
1448255,386290.52,386290.51999999996,True
1029730,42527.76,42527.760000000126,True
1322730,113549.94,113549.94000000006,True
1298323,1352721.24,1352721.2399999998,True
1152524,20927.16,20927.16000000015,True
1392380,3550.48,3550.480000000156,True
1017597,18365.22,18365.220000000147,True
1088145,79748.9,79748.90000000008,True
1324941,250849.48,250849.4800000001,True
1470047,197891.6,197891.60000000003,True
1004144,18872.64,18872.64000000019,True
1174802,19629.81,19629.810000000114,True
1455492,19926.1,19926.10000000015,True
1355131,461682.45,461682.44999999995,True
1327259,536571.84,536571.8399999999,True
1324746,628696.72,628696.7199999999,True
1123392,460141.2,460141.2,True
1145734,113183.9,113183.90000000008,True
1189837,85655.42,85655.4200000001,True
1251008,187429.68,187429.68000000002,True
1359298,189709.12,189709.12000000005,True
1363757,61545.25,61545.25000000012,True
1229175,278086.78,278086.78,True
1264276,367988.92,367988.92,True
1363191,74948.76,74948.76000000013,True
1184407,323890.2,323890.2,True
1085317,9043.05,9043.050000000221,True
1261820,166867.73,166867.7300000001,True
1076385,8275.65,8275.650000000198,True
1043867,356062.5,356062.5,True
1081534,403679.36,403679.3599999999,True
1099140,100429.47,100429.47000000009,True
1349322,61519.04,61519.040000000095,True
1166649,105197.7,105197.70000000007,True
1366577,18186.51,18186.510000000184,True
1234331,120481.21,120481.21000000011,True
1446560,103350.6,103350.6000000001,True
1236451,70740.96,70740.96000000014,True
1248478,28644.87,28644.87000000017,True
1325028,102702.99,102702.99000000005,True
1037557,14765.7,14765.700000000128,True
1362056,322086.9,322086.9,True
1354549,623278.89,623278.8899999999,True
1264761,25079.85,25079.850000000035,True
1475543,562053.4,562053.4,True
1258393,136329.18,136329.1800000001,True
1335384,12698.28,12698.280000000203,True
1127837,440721.3,440721.29999999993,True
1225212,323444.25,323444.25000000006,True
1188289,83375.89,83375.89000000013,True
1402722,77523.2,77523.20000000013,True
1483357,87429.78,87429.78000000009,True
1367526,153504.91,153504.91000000003,True
1077159,226971.69,226971.69,True
1408963,26471.0,26471.00000000006,True
1008114,162653.82,162653.8200000001,True
1209309,532595.96,532595.96,True
1124440,1961.41,1961.4100000000908,True
1210619,254440.2,254440.20000000007,True
1367013,66626.82,66626.82000000012,True
1288949,111295.68,111295.68000000011,True
1279026,250892.8,250892.80000000005,True
1393556,238061.7,238061.70000000004,True
1174267,6538.34,6538.340000000258,True
1336000,982849.05,982849.0499999998,True
1268666,19535.4,19535.400000000198,True
1328215,126392.09,126392.09000000008,True
1049686,217735.2,217735.20000000007,True
1372706,336670.31,336670.31,True
1437572,46111.8,46111.800000000105,True
1148006,873526.16,873526.1599999999,True
1132539,200133.96,200133.96000000002,True
1057280,593337.55,593337.55,True
1453883,166511.05,166511.05000000005,True
1358245,170978.46,170978.4600000001,True
1261383,305633.88,305633.88,True
1433113,125145.84,125145.84000000005,True
1293108,211913.28,211913.28000000003,True
1033603,8316.18,8316.180000000168,True
1378289,68503.96,68503.96000000014,True
1402703,5303.55,5303.550000000163,True
1208991,97492.4,97492.40000000008,True
1023215,1150989.0,1150988.9999999998,True
1274932,253314.0,253314.0000000001,True
1197823,846054.4,846054.3999999999,True
1310674,259093.12,259093.12000000005,True
1167832,268502.88,268502.88,True
1287192,162229.35,162229.35000000003,True
1207285,31406.16,31406.16000000009,True
1098944,288143.2,288143.20000000007,True
1302183,562998.14,562998.1399999999,True
1175199,28921.97,28921.970000000147,True
1059930,11698.75,11698.750000000175,True
1267893,12839.42,12839.4200000001,True
1309014,105840.0,105840.00000000006,True
1382500,158146.5,158146.50000000006,True
1463585,512535.36,512535.36,True
1135304,318045.4,318045.4,True
1477491,593875.92,593875.9199999999,True
1380289,31515.48,31515.480000000156,True
1046238,170683.04,170683.04000000004,True
1162282,357164.94,357164.94000000006,True
1296552,552861.0,552861.0,True
1308820,223148.76,223148.76000000007,True
1167427,210845.14,210845.14000000007,True
1422531,177396.66,177396.6600000001,True
1012234,89905.14,89905.14000000007,True
1089458,42329.92,42329.9200000001,True
1307538,35523.72,35523.72000000015,True
1447961,898150.8,898150.7999999998,True
1469291,271982.4,271982.4000000001,True
1172496,31723.68,31723.680000000226,True
1213863,111664.8,111664.8000000001,True
1092262,100593.78,100593.78000000009,True
1218403,47518.4,47518.40000000014,True
1006427,137149.38,137149.38000000012,True
1184406,487716.3,487716.29999999993,True
1461140,26926.12,26926.12000000017,True
1043305,29107.62,29107.62000000017,True
1003007,54610.67,54610.6700000001,True
1449417,23941.5,23941.500000000116,True
1191292,693111.72,693111.7199999999,True
1293604,8048.37,8048.37000000017,True
1316707,98976.73,98976.73000000004,True
1241622,280541.72,280541.72,True
1222456,19026.02,19026.020000000193,True
1445826,106104.6,106104.60000000003,True
1360592,405159.84,405159.83999999997,True
1369680,27048.75,27048.750000000175,True
1023500,20365.83,20365.830000000133,True
1033935,551805.58,551805.5799999998,True
1110111,251268.11,251268.11,True
1098887,357300.3,357300.3,True
1467109,7514.83,7514.830000000133,True
1050793,31065.55,31065.550000000105,True
1052138,44697.62,44697.62000000005,True
1489218,625631.76,625631.76,True
1068263,158930.25,158930.25,True
1117358,57141.0,57141.00000000012,True
1196875,119968.76,119968.76000000007,True
1201037,131248.35,131248.35000000006,True
1446909,62815.32,62815.32000000012,True
1102700,930069.61,930069.6099999996,True
1418439,406001.97,406001.9699999999,True
1108503,983512.2,983512.1999999997,True
1273395,15745.05,15745.050000000105,True
1017007,455726.18,455726.17999999993,True
1419205,53338.7,53338.70000000013,True
1040085,174271.68,174271.68000000008,True
1495927,244549.39,244549.39000000007,True
1044137,249613.1,249613.10000000006,True
1144394,58052.16,58052.16000000009,True
1178613,162572.4,162572.40000000008,True
1115776,83746.08,83746.08000000013,True
1168739,126947.94,126947.94000000012,True
1338920,11551.96,11551.960000000137,True
1018425,30275.4,30275.400000000198,True
1156301,24953.7,24953.700000000186,True
1290910,80155.46,80155.46000000014,True
1193022,342771.0,342771.00000000006,True
1475338,33707.85,33707.85000000015,True
1248673,78569.5,78569.50000000012,True
1232649,60466.86,60466.860000000044,True
1337338,44929.44,44929.44000000012,True
1464015,143290.0,143290.00000000012,True
1207366,137047.68,137047.68000000008,True
1280975,55396.0,55396.00000000006,True
1331847,3422.76,3422.760000000184,True
1284984,441751.78,441751.77999999997,True
1433377,616992.48,616992.48,True
1197313,707438.7,707438.6999999997,True
1289985,35899.44,35899.44000000012,True
1412263,21970.88,21970.88000000018,True
1410670,156841.3,156841.30000000005,True
1093445,266885.55,266885.55000000005,True
1086858,37888.51,37888.510000000184,True
1433864,50347.3,50347.300000000105,True
1144350,23815.84,23815.840000000142,True
1224751,85975.9,85975.90000000008,True
1322606,44023.55,44023.550000000105,True
1192843,199126.83,199126.83000000007,True
1482225,458507.14,458507.14,True
1249208,25469.0,25469.000000000175,True
1152263,586108.2,586108.1999999998,True
1290865,408171.24,408171.24,True
1294135,43678.17,43678.1700000001,True
1298023,113469.72,113469.72000000015,True
1248836,120025.26,120025.26000000007,True
1355316,485486.4,485486.3999999999,True
1444457,25486.5,25486.500000000175,True
1188548,191905.44,191905.44000000006,True
1219810,431415.6,431415.6,True
1023923,91909.84,91909.84000000014,True
1201289,402214.4,402214.4,True
1444767,352551.96,352551.96,True
1243688,444079.16,444079.16,True
1354496,118843.73,118843.7300000001,True
1121318,41938.7,41938.70000000007,True
1181612,32966.14,32966.14000000007,True
1408530,106919.68,106919.68000000005,True
1379543,77636.9,77636.90000000008,True
1429507,405974.52,405974.52,True
1006140,587275.7,587275.7,True
1479064,57096.05,57096.05000000005,True
1486545,21176.86,21176.86000000016,True
1038067,299992.68,299992.68,True
1030103,215467.36,215467.36,True
1267424,565125.04,565125.0399999999,True
1033872,53050.0,53050.00000000006,True
1383235,731560.64,731560.6399999999,True
1318309,32601.6,32601.600000000093,True
1373097,629281.4,629281.3999999999,True
1211491,5758.08,5758.080000000133,True
1313643,29350.56,29350.560000000114,True
1237630,122211.32,122211.32000000007,True
1052180,13078.23,13078.230000000156,True
1071060,70316.82,70316.82000000018,True
1378087,276664.5,276664.5,True
1015252,17666.8,17666.800000000105,True
1206471,210731.6,210731.60000000003,True
1055959,764485.15,764485.1499999999,True
1447038,111743.97,111743.97000000015,True
1106233,977115.66,977115.6599999997,True
1283972,136761.46,136761.4600000001,True
1431308,656967.95,656967.9499999997,True
1210389,14894.7,14894.700000000244,True
1289775,57493.66,57493.66000000009,True
1233430,109182.48,109182.48000000004,True
1143364,141629.8,141629.80000000008,True
1322063,131086.56,131086.56000000006,True
1317323,508769.76,508769.7599999999,True
1056073,55186.43,55186.43000000011,True
1157062,14217.12,14217.12000000017,True
1173169,116217.14,116217.1400000001,True
1073783,219135.98,219135.98000000004,True
1013304,226084.2,226084.20000000007,True
1049501,130575.04,130575.04000000004,True
1281474,94608.45,94608.45000000013,True
1427430,116536.31,116536.31000000006,True
1277923,89603.92,89603.9200000001,True
1111252,14220.27,14220.270000000193,True
1287971,667899.76,667899.7599999999,True
1343828,169379.35,169379.35000000003,True
1276918,136572.04,136572.04000000004,True
1293636,4037.75,4037.7500000001746,True
1244970,14485.26,14485.260000000184,True
1198554,552830.46,552830.46,True
1334408,573757.6,573757.5999999999,True
1378113,309855.84,309855.83999999997,True
1108115,54271.1,54271.10000000015,True
1100293,112535.24,112535.24000000005,True
1228892,77543.19,77543.19000000012,True
1212761,276752.0,276752.0,True
1328919,25048.79,25048.790000000095,True
1027395,146710.2,146710.20000000013,True
1426861,20383.66,20383.66000000009,True
1489244,352801.88,352801.88,True
1001664,694275.42,694275.4199999999,True
1096339,109851.91,109851.91000000009,True
1155012,10659.62,10659.62000000017,True
1332789,301987.0,301987.0,True
1141495,103251.51,103251.51000000007,True
1452802,487540.86,487540.8599999999,True
1445643,661866.28,661866.28,True
1024582,163089.67,163089.6700000001,True
1234621,56547.8,56547.80000000016,True
1095161,85996.43,85996.43000000011,True
1324695,210646.92,210646.92000000004,True
1417773,6117.76,6117.760000000184,True
1074982,571304.04,571304.0399999999,True
1154142,847538.64,847538.6399999999,True
1137830,277348.4,277348.4,True
1197172,226327.08,226327.08000000002,True
1450766,18130.8,18130.800000000105,True
1189157,46711.98,46711.980000000156,True
1439970,2895.78,2895.7800000002026,True
1492868,195895.26,195895.2600000001,True
1248116,50287.5,50287.50000000006,True
1135137,159409.6,159409.60000000006,True
1191469,785373.96,785373.9599999997,True
1037982,55691.52,55691.52000000008,True
1119308,114099.72,114099.72000000015,True
1057587,168593.58,168593.58000000002,True
1093779,737021.6,737021.5999999999,True
1064711,300028.8,300028.80000000005,True
1321313,37075.6,37075.600000000035,True
1315842,24388.4,24388.40000000008,True
1394691,93256.2,93256.20000000013,True
1048991,103462.74,103462.7400000001,True
1046622,42750.6,42750.60000000015,True
1428013,133973.73,133973.7300000001,True
1446749,865747.5,865747.4999999998,True
1276377,109539.24,109539.24000000005,True
1306693,32754.1,32754.100000000093,True
1414819,235094.41,235094.41000000003,True
1494009,89307.12,89307.12000000011,True
1450293,25677.6,25677.60000000015,True
1178615,65095.94,65095.94000000006,True
1209762,56016.38,56016.38000000018,True
1120552,203992.0,203992.00000000006,True
1094444,356380.16,356380.16,True
1478594,996884.1,996884.0999999996,True
1050164,9672.44,9672.440000000235,True
1377952,649952.8,649952.7999999999,True
1447169,98705.19,98705.19,True
1284916,122906.0,122906.00000000009,True
1471509,695968.02,695968.0199999998,True
1348780,377463.75,377463.75,True
1023812,698350.48,698350.4799999997,True
1021113,17395.38,17395.38000000012,True
1264423,451333.25,451333.2499999999,True
1211218,492601.6,492601.5999999999,True
1233523,107597.9,107597.90000000002,True
1296201,794259.9,794259.8999999999,True
1169556,49171.9,49171.9000000002,True
1094660,166016.7,166016.70000000007,True
1319522,352606.5,352606.5,True
1349780,3928.15,3928.1500000001397,True
1290635,188125.5,188125.50000000012,True
1248584,57219.75,57219.750000000175,True
1399283,836329.58,836329.5799999998,True
1388558,633089.14,633089.1399999999,True
1084178,1077664.47,1077664.4699999997,True
1385453,622787.88,622787.8799999999,True
1281836,662916.1,662916.0999999999,True
1080632,1037087.04,1037087.0399999998,True
1110961,44859.72,44859.72000000015,True
1070941,319691.25,319691.25,True
1498277,214610.34,214610.34000000003,True
1179453,56313.24,56313.240000000165,True
1107280,48837.2,48837.20000000013,True
1422323,617740.2,617740.1999999998,True
1363632,141189.4,141189.40000000008,True
1345770,1175361.17,1175361.1699999997,True
1303372,4639.21,4639.210000000196,True
1389525,62819.19,62819.19000000012,True
1478792,561014.48,561014.48,True
1406921,98081.82,98081.82000000012,True
1243663,127192.32,127192.3200000001,True
1473912,58204.72,58204.72000000015,True
1027175,129452.44,129452.44000000006,True
1442083,161761.25,161761.25000000012,True
1449312,23401.35,23401.35000000015,True
1243269,125058.33,125058.33000000007,True
1029527,356982.36,356982.36,True
1225871,180574.84,180574.84000000008,True
1475834,46892.46,46892.46000000014,True
1239916,313817.28,313817.28,True
1015976,1077697.95,1077697.9499999997,True
1472529,613078.62,613078.6199999999,True
1333913,464707.68,464707.67999999993,True
1222918,768284.25,768284.2499999998,True
1023306,133114.6,133114.60000000003,True
1127257,153453.06,153453.0600000001,True
1379983,441531.88,441531.87999999995,True
1461641,51513.48,51513.48000000004,True
1412382,257707.2,257707.2,True
1438154,21464.48,21464.480000000156,True
1161928,42343.12,42343.12000000011,True
1331709,823181.27,823181.2699999998,True
1158727,556664.04,556664.04,True
1143425,51801.92,51801.9200000001,True
1443263,12758.56,12758.56000000023,True
1088293,66372.6,66372.60000000015,True
1166196,399810.75,399810.75,True
1114648,426537.0,426537.0,True
1050805,474501.76,474501.75999999995,True
1000217,276467.4,276467.4,True
1169439,18099.69,18099.690000000177,True
1208702,390909.67,390909.6699999999,True
1094455,481798.48,481798.48,True
1301974,166740.02,166740.02000000002,True
1078754,41614.5,41614.50000000012,True
1331808,346777.2,346777.2,True
1058084,34009.02,34009.02000000008,True
1410865,138704.16,138704.16000000006,True
1042491,6476.64,6476.640000000072,True
1213713,111509.76,111509.76000000007,True
1011555,8711.64,8711.640000000189,True
1010696,29788.0,29788.000000000175,True
1270192,18034.17,18034.1700000001,True
1200456,41387.34,41387.34000000014,True
1217889,758146.28,758146.2799999998,True
1121742,134844.64,134844.64000000007,True
1127996,11444.46,11444.460000000137,True
1118800,95043.44,95043.44000000012,True
1373544,51663.66,51663.66000000009,True
1025836,26434.16,26434.16000000009,True
1321293,40490.45,40490.450000000244,True
1080662,401480.08,401480.07999999996,True
1110985,53411.2,53411.20000000007,True
1181646,46520.24,46520.24000000011,True
1307146,4003.43,4003.430000000226,True
1465169,7698.1,7698.100000000093,True
1324549,99544.2,99544.20000000007,True
1005380,324662.18,324662.18,True
1087546,156231.9,156231.90000000002,True
1422664,115825.24,115825.2400000001,True
1394179,181409.02,181409.02000000005,True
1215335,195250.84,195250.84000000008,True
1375004,25977.88,25977.88000000018,True
1179727,12661.95,12661.950000000128,True
1062013,270831.2,270831.2,True
1494324,3070.13,3070.1300000001793,True
1227150,131168.88,131168.88000000012,True
1268198,15141.27,15141.270000000193,True
1226503,38181.35,38181.35000000015,True
1206861,53669.2,53669.20000000013,True
1288178,574050.88,574050.8799999999,True
1355091,331711.36,331711.36,True
1179793,1157259.96,1157259.9599999997,True
1067211,299325.6,299325.60000000003,True
1163382,107142.66,107142.66000000003,True
1466302,23070.18,23070.18000000011,True
1201128,583802.24,583802.2399999999,True
1191009,93350.13,93350.13000000006,True
1193025,82404.0,82404.00000000006,True
1409500,319770.36,319770.36,True
1134305,345899.4,345899.4000000001,True
1465623,570517.44,570517.4399999998,True
1213256,79260.02,79260.0200000002,True
1284229,86262.85,86262.85000000015,True
1071210,18298.8,18298.800000000105,True
1359561,15619.76,15619.760000000184,True
1395071,37712.12,37712.12000000005,True
1376294,93961.04,93961.04000000004,True
1420852,32492.29,32492.290000000095,True
1054458,431695.62,431695.62,True
1298429,62219.87,62219.87000000005,True
1340336,3840.8,3840.800000000105,True
1206205,189504.8,189504.80000000005,True
1124702,577796.24,577796.24,True
1300040,4611.66,4611.660000000207,True
1262231,716759.4,716759.3999999999,True
1323875,224319.7,224319.7,True
1313018,472589.28,472589.2799999999,True
1364488,144754.56,144754.5600000001,True
1060372,9212.85,9212.850000000151,True
1024639,36870.51,36870.510000000184,True
1017028,8106.6,8106.600000000151,True
1008109,1924.89,1924.8900000001886,True
1096971,196230.72,196230.72000000003,True
1269937,11078.24,11078.240000000165,True
1285887,5671.71,5671.710000000254,True
1127615,118808.04,118808.04000000007,True
1144736,44878.4,44878.40000000008,True
1131881,130131.15,130131.15000000008,True
1322807,53931.3,53931.300000000105,True
1238310,728181.08,728181.0799999998,True
1028482,142017.06,142017.06000000006,True
1256285,378122.22,378122.22,True
1288922,152959.6,152959.6000000001,True
1121149,11538.41,11538.41000000009,True
1269267,247865.42,247865.42000000007,True
1366122,28013.02,28013.020000000077,True
1129561,114124.14,114124.14000000007,True
1421896,651095.06,651095.0599999999,True
1462302,147350.94,147350.94000000012,True
1146274,336516.75,336516.75,True
1318518,192164.08,192164.08000000007,True
1245606,455072.42,455072.42,True
1258008,745071.36,745071.3599999999,True
1269240,566897.77,566897.7699999999,True
1193929,252153.14,252153.14,True
1007511,305146.05,305146.05,True
1247378,12139.76,12139.760000000184,True
1227909,157889.5,157889.50000000006,True
1141916,23067.12,23067.12000000017,True
1159242,80430.2,80430.20000000013,True
1416407,934889.28,934889.2799999998,True
1036923,7880.42,7880.4200000002165,True
1433807,98002.94,98002.94000000006,True
1348620,10807.4,10807.400000000081,True
1204815,791316.0,791315.9999999998,True
1321216,19425.5,19425.50000000006,True
1072871,176873.78,176873.78000000003,True
1114763,118445.25,118445.25000000006,True
1132201,211773.8,211773.80000000005,True
1011887,473064.8,473064.79999999993,True
1436846,50045.85,50045.850000000035,True
1339459,736279.11,736279.1099999999,True
1327631,285672.5,285672.5,True
1338300,46680.48,46680.48000000004,True
1009610,117632.69,117632.69000000009,True
1122527,246618.95,246618.95000000004,True
1111103,32587.04,32587.040000000154,True
1480156,247013.75,247013.75000000006,True
1099626,316142.46,316142.46,True
1375882,693721.64,693721.6399999999,True
1394392,452389.36,452389.3599999999,True
1151146,941022.72,941022.7199999997,True
1243955,91918.8,91918.8000000001,True
1483805,625256.45,625256.4499999998,True
1221904,785104.32,785104.3199999998,True
1210131,142896.78,142896.7800000001,True
1318046,142527.06,142527.06000000008,True
1149012,343794.34,343794.34,True
1459204,12598.56,12598.560000000114,True
1466847,231082.0,231082.00000000012,True
1034897,1315350.51,1315350.5099999998,True
1092082,308534.01,308534.01,True
1133853,387532.35,387532.3499999999,True
1091222,369103.2,369103.2,True
1265118,135083.04,135083.0400000001,True
1400534,154247.94,154247.94000000003,True
1220779,7435.1,7435.100000000093,True
1261366,160416.24,160416.24000000008,True
1002174,737650.5,737650.4999999998,True
1256291,246409.44,246409.44000000003,True
1110176,944006.73,944006.7299999997,True
1011845,501880.68,501880.67999999993,True
1419428,14492.72,14492.720000000088,True
1250925,364307.16,364307.1599999999,True
1085539,686144.16,686144.1599999999,True
1295939,822397.38,822397.3799999998,True
1330250,24453.27,24453.270000000135,True
1464211,290317.84,290317.8400000001,True
1111748,19814.34,19814.3400000002,True
1268512,162080.25,162080.25000000006,True
1019519,370053.6,370053.5999999999,True
1328837,61689.98,61689.98000000004,True
1027928,21654.68,21654.68000000011,True
1386270,13400.16,13400.16000000009,True
1405679,284599.64,284599.64,True
1272605,250303.04,250303.04,True
1071972,33761.04,33761.040000000154,True
1253656,21594.48,21594.480000000156,True
1156977,260028.16,260028.16000000006,True
1420201,138824.84,138824.84000000005,True
1302046,173755.8,173755.80000000002,True
1123606,96567.48,96567.48000000004,True
1448365,451583.02,451583.02,True
1379634,588152.6,588152.6,True
1403286,55881.21,55881.21000000014,True
1268879,321183.9,321183.9,True
1365078,46530.06,46530.060000000114,True
1084704,96009.72,96009.72000000009,True
1458419,631098.68,631098.6799999999,True
1435503,97931.13,97931.13000000006,True
1423422,69112.96,69112.96000000014,True
1034928,1253.39,1253.3900000001886,True
1159392,23040.26,23040.260000000184,True
1459199,80996.72,80996.72000000015,True
1080627,291883.2,291883.20000000007,True
1403431,143340.12,143340.1200000001,True
1040797,284006.68,284006.68000000005,True
1044178,143525.55,143525.55000000005,True
1015916,627758.32,627758.3199999998,True
1474760,332505.38,332505.38,True
1398574,11887.28,11887.280000000203,True
1124767,125195.95,125195.95000000007,True
1433541,35612.94,35612.94000000012,True
1252343,517780.5,517780.4999999999,True
1003130,565086.08,565086.0799999998,True
1027312,31620.78,31620.780000000144,True
1314605,207088.59,207088.59,True
1036150,176484.53,176484.53000000003,True
1045583,403643.79,403643.79,True
1409395,16890.64,16890.64000000019,True
1064184,21190.33,21190.330000000133,True
1159759,66710.28,66710.28000000009,True
1398485,61207.63,61207.63000000006,True
1181431,38786.88,38786.88000000018,True
1153693,143995.62,143995.62000000008,True
1004143,17722.08,17722.080000000133,True
1151633,124654.5,124654.50000000006,True
1067259,59634.07,59634.07000000012,True
1316636,488971.92,488971.9199999999,True
1438965,46882.68,46882.68000000011,True
1360593,563943.28,563943.2799999999,True
1083595,312733.92,312733.92,True
1372792,25313.37,25313.37000000017,True
1050417,181770.24,181770.24000000005,True
1333460,219928.18,219928.18000000002,True
1481790,10450.2,10450.200000000186,True
1297695,43706.25,43706.25000000006,True
1054877,1343211.5,1343211.4999999998,True
1488687,27271.79,27271.790000000095,True
1301811,13319.5,13319.500000000116,True
1404059,14342.55,14342.550000000105,True
1061470,70610.0,70610.00000000006,True
1495745,11554.2,11554.200000000128,True
1317823,9207.36,9207.36000000016,True
1062598,290283.6,290283.6,True
1123142,25327.6,25327.60000000015,True
1150870,148556.2,148556.20000000013,True
1022819,118617.38,118617.38000000009,True
1333721,135099.04,135099.0400000001,True
1051291,71539.16,71539.16000000009,True
1297358,41872.35,41872.35000000009,True
1286098,94580.76,94580.76000000013,True
1464404,3563.01,3563.010000000184,True
1338707,69366.22,69366.22000000015,True
1455487,126069.0,126069.00000000006,True
1026579,61844.51,61844.510000000184,True
1039170,61766.91,61766.91000000009,True
1372408,805385.92,805385.9199999999,True
1263670,158524.74,158524.74000000005,True
1002100,543110.04,543110.04,True
1261036,153905.7,153905.70000000007,True
1036455,55767.55,55767.550000000105,True
1214830,356808.0,356808.0,True
1122024,35961.75,35961.75000000006,True
1265288,176418.51,176418.51000000004,True
1385144,494908.93,494908.92999999993,True
1240303,71797.5,71797.50000000006,True
1318946,61244.48,61244.480000000156,True
1186398,829580.57,829580.5699999998,True
1207914,143523.75,143523.75000000006,True
1170764,27335.35,27335.35000000015,True
1026709,65299.2,65299.20000000013,True
1179512,269791.34,269791.3400000001,True
1288003,47121.48,47121.480000000156,True
1056292,68212.06,68212.06000000006,True
1016221,363759.27,363759.27,True
1024394,121835.38,121835.38000000006,True
1176683,109986.37,109986.37000000005,True
1255621,917339.67,917339.6699999997,True
1169828,38682.9,38682.90000000014,True
1446539,31167.46,31167.460000000137,True
1195066,457777.26,457777.25999999995,True
1008919,189487.9,189487.90000000005,True
1314585,77544.72,77544.72000000015,True
1047888,155606.76,155606.76000000007,True
1277064,71856.24,71856.24000000005,True
1476488,65906.33,65906.33000000013,True
1117714,125386.7,125386.70000000007,True
1284653,196664.16,196664.16000000003,True
1466129,201281.51,201281.51000000004,True
1409361,310470.89,310470.89,True
1247595,120121.35,120121.35000000006,True
1133474,45160.0,45160.00000000006,True
1008828,873773.9,873773.8999999999,True
1164060,568281.12,568281.1199999999,True
1109737,152159.61,152159.6100000001,True
1374636,17090.28,17090.280000000086,True
1494537,17945.22,17945.220000000147,True
1490885,336521.76,336521.76,True
1415023,732828.99,732828.9899999998,True
1181863,136596.8,136596.80000000008,True
1130400,61997.1,61997.100000000035,True
1461108,35945.74,35945.740000000165,True
1230777,290037.47,290037.47,True
1204754,162551.25,162551.25000000006,True
1354118,64516.32,64516.32000000012,True
1042008,35305.02,35305.02000000008,True
1419561,31235.82,31235.820000000123,True
1285414,48762.95,48762.950000000186,True
1174742,87613.05,87613.0500000001,True
1139700,286489.6,286489.60000000003,True
1210462,18358.08,18358.080000000133,True
1235512,5095.48,5095.480000000156,True
1355448,82999.7,82999.70000000013,True
1068791,56178.7,56178.70000000013,True
1404807,370803.72,370803.7199999999,True
1465394,139100.7,139100.70000000007,True
1486114,238345.56,238345.5600000001,True
1269108,364512.6,364512.6,True
1459666,14599.41,14599.41000000009,True
1063147,157915.17,157915.17000000004,True
1356281,695059.84,695059.8399999999,True
1136656,531325.2,531325.1999999998,True
1006186,111598.02,111598.02000000008,True
1442659,1361015.22,1361015.2199999995,True
1370378,462092.85,462092.8499999999,True
1134477,23023.0,23023.00000000006,True
1381864,424826.22,424826.22,True
1406778,704268.24,704268.2399999998,True
1351804,51172.92,51172.92000000016,True
1448477,387887.39,387887.39,True
1234580,165308.36,165308.3600000001,True
1074435,456435.72,456435.7199999999,True
1275083,482381.88,482381.87999999995,True
1338311,1027576.16,1027576.1599999997,True
1056655,56164.55,56164.550000000105,True
1372656,159887.52,159887.52000000008,True
1480220,198493.2,198493.2,True
1238675,23045.61,23045.61000000016,True
1153219,118716.52,118716.52000000014,True
1471265,218589.84,218589.84000000008,True
1457979,206803.52,206803.52000000008,True
1034568,179576.55,179576.55000000008,True
1353031,19074.17,19074.17000000016,True
1166843,222101.46,222101.46000000002,True
1263842,399013.56,399013.55999999994,True
1382396,813354.36,813354.3599999999,True
1123241,647490.4,647490.3999999999,True
1379801,349592.76,349592.75999999995,True
1136660,270277.97,270277.97,True
1145987,245028.63,245028.63,True
1306870,99084.68,99084.68000000005,True
1169747,190887.9,190887.90000000008,True
1080253,67330.96,67330.96000000014,True
1151164,66939.84,66939.84000000014,True
1359597,71056.48,71056.48000000004,True
1194319,108998.48,108998.48000000004,True
1156482,175842.03,175842.03000000012,True
1192037,657747.0,657747.0,True
1238525,408663.92,408663.92,True
1202036,53784.6,53784.60000000015,True
1494889,51707.92,51707.9200000001,True
1278158,251149.91,251149.91,True
1387025,595971.75,595971.75,True
1483111,180081.44,180081.44000000012,True
1187089,60595.64,60595.64000000013,True
1167324,656661.5,656661.4999999998,True
1219666,2015.74,2015.7400000001653,True
1106980,873779.6,873779.5999999999,True
1359168,858363.66,858363.6599999999,True
1355101,153225.08,153225.08000000005,True
1188038,106724.9,106724.90000000008,True
1256663,100347.28,100347.28000000009,True
1171871,26083.9,26083.90000000008,True
1035191,93167.8,93167.8000000001,True
1358456,159833.52,159833.52000000002,True
1497739,96976.77,96976.77000000008,True
1313514,24417.84,24417.840000000142,True
1303991,227784.69,227784.69000000006,True
1484691,99898.64,99898.64000000007,True
1436921,462752.8,462752.79999999993,True
1098341,110260.54,110260.5400000001,True
1045026,293214.04,293214.04,True
1030681,64937.88,64937.88000000006,True
1095459,175375.37,175375.37000000005,True
1479133,136074.6,136074.6000000001,True
1231306,31858.8,31858.800000000105,True
1122664,123267.2,123267.20000000007,True
1094891,6894.5,6894.500000000175,True
1064594,261841.58,261841.58000000002,True
1422969,73577.57,73577.57000000012,True
1316291,296036.91,296036.91,True
1108090,5895.56,5895.560000000114,True
1175813,195504.8,195504.80000000002,True
1165588,260114.49,260114.49000000005,True
1126602,263528.22,263528.22000000003,True
1063399,91343.7,91343.70000000013,True
1234497,80157.22,80157.22000000015,True
1179174,29711.76,29711.760000000184,True
1164631,45861.06,45861.060000000114,True
1457930,121171.35,121171.35000000006,True
1229738,652992.67,652992.6699999999,True
1025301,75608.8,75608.8000000001,True
1337192,54742.89,54742.89000000019,True
1476916,152621.76,152621.76000000007,True
1139447,560478.38,560478.3799999999,True
1475301,506432.0,506431.99999999994,True
1265324,443354.32,443354.31999999995,True
1445647,11487.54,11487.540000000154,True
1273802,24890.04,24890.040000000095,True
1129581,242576.4,242576.40000000002,True
1195302,165872.1,165872.1000000001,True
1101183,165009.6,165009.60000000006,True
1077161,300043.42,300043.42,True
1304996,369416.8,369416.8,True
1074088,87405.36,87405.36000000016,True
1326282,382879.17,382879.1699999999,True
1179528,122212.39,122212.39000000004,True
1307805,186519.0,186519.00000000003,True
1272343,73693.18,73693.18000000011,True
1431138,152397.9,152397.90000000005,True
1073826,35970.3,35970.300000000105,True
1074415,95614.47,95614.47000000015,True
1195402,33560.34,33560.34000000014,True
1328467,319137.42,319137.42,True
1206011,91006.08,91006.08000000007,True
1003803,20363.0,20363.000000000116,True
1159040,60612.4,60612.40000000008,True
1499538,144844.2,144844.20000000007,True
1115789,506132.21,506132.20999999996,True
1441248,200415.6,200415.6000000001,True
1328279,299258.96,299258.96,True
1043820,151098.4,151098.40000000002,True
1362231,48452.46,48452.46000000014,True
1164644,1093257.72,1093257.7199999997,True
1229960,47511.9,47511.9000000002,True
1464474,588425.24,588425.2399999999,True
1176704,578616.08,578616.0799999998,True
1045816,29818.64,29818.64000000013,True
1162709,110698.5,110698.50000000006,True
1134393,72963.2,72963.20000000013,True
1032691,553080.24,553080.2399999999,True
1454614,6200.47,6200.470000000147,True
1290836,616237.16,616237.1599999999,True
1086516,1143149.7,1143149.6999999997,True
1463550,47522.31,47522.31000000017,True
1371516,9167.5,9167.500000000175,True
1401381,358116.0,358116.00000000006,True
1226901,106874.38,106874.38000000006,True
1314175,621550.16,621550.1599999999,True
1198474,538110.16,538110.1599999999,True
1307014,40069.68,40069.68000000011,True
1442098,46348.08,46348.08000000013,True
1152270,18314.82,18314.820000000123,True
1365135,723175.13,723175.1299999999,True
1122276,42709.5,42709.50000000012,True
1390936,3948.1,3948.1000000001513,True
1164512,114195.6,114195.60000000015,True
1174766,53014.08,53014.08000000013,True
1034578,199073.7,199073.70000000004,True
1261295,1068764.37,1068764.3699999999,True
1209573,23867.32,23867.320000000123,True
1084122,116826.82,116826.82000000007,True
1301186,221197.9,221197.90000000008,True
1189444,864991.15,864991.1499999999,True
1314972,578947.49,578947.4899999999,True
1111092,45842.76,45842.760000000184,True
1284115,139166.55,139166.5500000001,True
1205130,15646.71,15646.710000000137,True
1077402,529345.5,529345.5,True
1062191,168093.24,168093.24000000002,True
1495095,35852.88,35852.88000000018,True
1158102,167309.31,167309.31,True
1414592,131609.01,131609.01000000007,True
1321166,39032.32,39032.320000000065,True
1487490,9598.92,9598.9200000001,True
1194916,50201.1,50201.100000000035,True
1018483,34616.61,34616.6100000001,True
1311911,39191.94,39191.94000000012,True
1049923,218335.7,218335.7,True
1136580,38996.88,38996.88000000006,True
1152802,60658.29,60658.290000000095,True
1121668,142728.82,142728.8200000001,True
1129870,438650.94,438650.94,True
1179604,90927.69,90927.69000000012,True
1104279,340119.39,340119.39,True
1382324,34895.92,34895.9200000001,True
1083951,160387.74,160387.74000000005,True
1250696,25559.4,25559.40000000008,True
1452232,53350.02,53350.02000000019,True
1469663,210572.72,210572.72,True
1176433,530988.7,530988.7,True
1275880,1276775.99,1276775.9899999998,True
1199205,761433.84,761433.8399999999,True
1299202,1189488.56,1189488.5599999998,True
1231936,15265.64,15265.640000000189,True
1237433,34467.2,34467.20000000013,True
1364341,314443.89,314443.8900000001,True
1366996,75355.6,75355.60000000015,True
1361293,83526.1,83526.10000000015,True
1204498,73832.55,73832.5500000001,True
1027004,4189.85,4189.850000000151,True
1327694,50277.28,50277.280000000144,True
1408076,40727.4,40727.4000000002,True
1045734,96807.6,96807.60000000015,True
1433285,19310.46,19310.460000000137,True
1014105,22155.96,22155.960000000196,True
1091648,423732.0,423732.0,True
1353388,36917.04,36917.04000000021,True
1035285,612531.72,612531.7199999999,True
1412198,126720.0,126720.00000000012,True
1183956,190532.54,190532.54000000004,True
1201182,39267.16,39267.16000000015,True
1041414,178606.19,178606.19000000006,True
1179145,84780.96,84780.96000000014,True
1242304,420430.64,420430.64,True
1239164,48292.1,48292.10000000009,True
1322275,719334.6,719334.5999999999,True
1299147,335260.12,335260.12,True
1373659,175710.08,175710.08000000002,True
1375470,239368.98,239368.9800000001,True
1449622,362306.35,362306.35,True
1182000,17846.04,17846.040000000095,True
1061115,88039.08,88039.08000000013,True
1254073,12823.51,12823.510000000184,True
1320927,31353.45,31353.450000000128,True
1464774,405602.24,405602.23999999993,True
1134532,23802.4,23802.400000000198,True
1061541,53776.44,53776.44000000012,True
1331503,17440.12,17440.12000000017,True
1223200,246206.16,246206.16000000006,True
1111774,204693.5,204693.50000000012,True
1417638,210579.46,210579.46000000002,True
1267237,79705.6,79705.60000000015,True
1265596,233235.0,233235.0,True
1078639,17951.92,17951.92000000016,True
1200923,72641.34,72641.34000000008,True
1356529,327100.74,327100.74,True
1344370,1376460.3,1376460.2999999998,True
1129283,434399.9,434399.9,True
1373427,151430.4,151430.40000000008,True
1390873,156926.13,156926.1300000001,True
1248451,9824.74,9824.740000000165,True
1237820,241146.0,241146.00000000006,True
1160426,279567.56,279567.56000000006,True
1074199,50211.84,50211.84000000014,True
1461308,751808.76,751808.7599999998,True
1289376,446047.28,446047.28,True
1453148,6772.1,6772.100000000151,True
1264805,122858.72,122858.72000000003,True
1273465,12906.84,12906.840000000142,True
1163524,96110.97,96110.97000000015,True
1215944,250037.82,250037.82,True
1447999,135184.5,135184.50000000006,True
1283688,122481.1,122481.10000000006,True
1176300,3789.65,3789.650000000198,True
1423713,127519.0,127519.00000000006,True
1028940,219250.36,219250.36000000004,True
1017820,143286.36,143286.36000000004,True
1004659,40291.92,40291.9200000001,True
1084439,403565.59,403565.59,True
1288241,827788.7,827788.6999999997,True
1109888,101621.25,101621.25000000006,True
1298501,431348.16,431348.1599999999,True
1451341,390481.26,390481.25999999995,True
1043635,40759.02,40759.020000000135,True
1287631,602616.95,602616.9499999998,True
1320071,536126.6,536126.5999999999,True
1428400,125821.98,125821.9800000001,True
1484406,849038.09,849038.0899999999,True
1329609,743649.28,743649.2799999999,True
1452995,137042.32,137042.32000000007,True
1341593,15440.2,15440.20000000007,True
1149451,396579.92,396579.9199999999,True
1107996,696816.56,696816.5599999999,True
1242871,731298.24,731298.2399999998,True
1300890,177997.68,177997.68,True
1234619,305124.3,305124.3,True
1401317,3634.42,3634.4200000001,True
1453045,959060.27,959060.2699999998,True
1137615,149377.8,149377.8,True
1332010,50681.8,50681.800000000105,True
1295855,114229.44,114229.44,True
1124671,515710.16,515710.1599999999,True
1221429,52636.88,52636.88000000006,True
1066150,322725.3,322725.30000000005,True
1386272,18061.28,18061.280000000086,True
1431890,70851.51,70851.51000000007,True
1488073,11012.11,11012.11000000016,True
1032708,60139.98,60139.98000000004,True
1433069,20081.88,20081.88000000018,True
1141982,227496.45,227496.45,True
1037066,19492.76,19492.760000000184,True
1317569,9967.22,9967.220000000147,True
1061223,71867.64,71867.64000000007,True
1008144,338161.2,338161.2,True
1014702,371321.01,371321.01,True
1115314,1286647.64,1286647.6399999997,True
1138278,93367.04,93367.0400000001,True
1391319,6566.76,6566.760000000184,True
1022641,294360.9,294360.9,True
1123851,736718.58,736718.5799999998,True
1011115,66476.08,66476.08000000013,True
1494086,978791.45,978791.4499999997,True
1441734,212489.82,212489.82000000007,True
1374563,253424.92,253424.9200000001,True
1109793,120553.11,120553.11000000004,True
1310558,403529.7,403529.69999999995,True
1383134,63451.52,63451.520000000135,True
1219988,74952.54,74952.5400000001,True
1043020,37449.3,37449.300000000105,True
1051538,56053.93,56053.93000000011,True
1102507,260262.24,260262.24,True
1244322,245456.64,245456.64,True
1050924,180836.24,180836.24,True
1475265,144962.51,144962.51000000004,True
1470551,390805.3,390805.3,True
1286844,396189.84,396189.83999999997,True
1204980,10064.11,10064.11000000016,True
1005207,759191.68,759191.6799999999,True
1023763,455234.4,455234.39999999997,True
1239588,60100.74,60100.74000000005,True
1055115,168325.2,168325.20000000007,True
1084508,257273.94,257273.9400000001,True
1070063,115649.01,115649.01000000007,True
1264638,152139.84,152139.84000000005,True
1144362,606347.76,606347.7599999999,True
1397343,42173.92,42173.9200000001,True
1083079,958301.4,958301.3999999997,True
1345576,118948.08,118948.08000000007,True
1467657,303790.23,303790.23,True
1229962,123083.87,123083.87000000005,True
1178807,3871.62,3871.62000000017,True
1487673,24715.76,24715.760000000068,True
1116473,225060.03,225060.03000000006,True
1323056,123693.42,123693.42000000004,True
1325345,80142.0,80142.00000000006,True
1406665,272048.96,272048.9600000001,True
1290025,248523.0,248523.00000000006,True
1451135,73407.53,73407.53000000009,True
1086610,297740.82,297740.82000000007,True
1177367,141946.42,141946.4200000001,True
1299950,339404.65,339404.65,True
1129902,372554.89,372554.89,True
1436279,83786.64,83786.64000000007,True
1289040,325342.75,325342.75,True
1328960,212798.81,212798.81000000006,True
1476802,88572.68,88572.68000000011,True
1215906,54498.78,54498.78000000003,True
1084732,99838.0,99838.00000000012,True
1394936,8280.9,8280.90000000014,True
1119095,421541.89,421541.89,True
1105435,31904.07,31904.070000000123,True
1265582,12617.0,12617.000000000116,True
1432190,60818.55,60818.550000000105,True
1185115,26335.14,26335.14000000019,True
1096126,13532.7,13532.700000000128,True
1043083,373058.2,373058.2,True
1273719,43004.52,43004.52000000019,True
1006012,720565.3,720565.2999999999,True
1151547,232090.74,232090.74000000005,True
1203464,148149.46,148149.46000000002,True
1359591,44127.96,44127.96000000014,True
1223469,82404.09,82404.09000000014,True
1329785,225378.15,225378.15000000002,True
1079616,554486.4,554486.3999999999,True
1434070,17672.02,17672.020000000193,True
1421253,78251.0,78251.00000000006,True
1475974,55033.76,55033.76000000007,True
1218644,184447.64,184447.64000000013,True
1314314,63082.44,63082.44000000012,True
1229601,1049525.4,1049525.3999999997,True
1062144,622714.56,622714.5599999999,True
1020511,111338.4,111338.40000000002,True
1099433,154298.51,154298.51000000007,True
1307929,136981.92,136981.92000000007,True
1325055,36552.45,36552.45000000013,True
1071239,77993.48,77993.4800000001,True
1356659,557159.35,557159.3499999999,True
1389279,4572.7,4572.700000000128,True
1216366,3552.42,3552.4200000001,True
1002748,28492.92,28492.92000000016,True
1460612,55018.56,55018.560000000056,True
1295834,498461.28,498461.27999999997,True
1243633,8625.6,8625.600000000151,True
1305301,408079.66,408079.6599999999,True
1107109,287469.75,287469.75,True
1055167,113937.63,113937.63000000006,True
1360748,57073.94,57073.94000000012,True
1019181,64725.18,64725.18000000011,True
1248837,24671.79,24671.790000000095,True
1472287,94541.48,94541.48000000004,True
1422538,16029.57,16029.570000000123,True
1063633,179288.81,179288.81000000006,True
1271063,64597.47,64597.47000000015,True
1341927,700317.8,700317.7999999999,True
1336262,75967.49,75967.4900000001,True
1405097,51317.34,51317.3400000002,True
1331013,124596.37,124596.37000000011,True
1051577,41508.11,41508.11000000016,True
1220211,1371.98,1371.980000000156,True
1386079,204714.64,204714.64000000004,True
1130613,40594.2,40594.20000000013,True
1203623,90514.98,90514.98000000004,True
1017407,412877.2,412877.19999999995,True
1387038,677834.12,677834.1199999999,True
1343560,499634.2,499634.19999999995,True
1423866,17829.77,17829.770000000135,True
1058934,298142.33,298142.3300000001,True
1166654,398734.07,398734.06999999995,True
1445894,142330.44,142330.44000000006,True
1267043,374188.96,374188.96,True
1393038,8755.98,8755.980000000156,True
1041162,961991.03,961991.0299999998,True
1458201,11512.91,11512.91000000009,True
1239129,65780.16,65780.16000000009,True
1053671,61348.8,61348.800000000105,True
1195563,598130.52,598130.5199999999,True
1362602,325047.09,325047.09,True
1246154,181844.39,181844.39,True
1158835,76906.18,76906.18000000011,True
1413443,5290.74,5290.740000000165,True
1389373,236583.69,236583.69000000006,True
1386044,44004.38,44004.38000000018,True
1029670,55137.84,55137.84000000014,True
1037772,12663.9,12663.900000000081,True
1312876,233153.4,233153.40000000002,True
1486938,972660.78,972660.7799999998,True
1094252,114244.3,114244.3000000001,True
1143587,9233.98,9233.980000000156,True
1209721,25499.4,25499.40000000014,True
1313350,13399.32,13399.320000000123,True
1373262,1001439.13,1001439.1299999997,True
1082757,372047.08,372047.07999999996,True
1047529,104665.76,104665.76000000013,True
1278819,82969.47,82969.47000000015,True
1463511,216706.02,216706.02000000002,True
1144593,520834.54,520834.5399999999,True
1478814,230898.72,230898.72000000003,True
1292008,13067.88,13067.88000000018,True
1406228,79315.03,79315.03000000009,True
1108816,102784.1,102784.10000000015,True
1381269,111967.45,111967.45000000007,True
1120243,19829.04,19829.040000000095,True
1146863,166973.12,166973.12000000005,True
1380113,113546.08,113546.08000000007,True
1185613,161649.6,161649.60000000006,True
1180248,375128.52,375128.5200000001,True
1469413,29983.0,29983.000000000175,True
1469907,48551.75,48551.75000000012,True
1360987,97030.0,97030.00000000017,True
1261524,334543.05,334543.05,True
1226662,188861.05,188861.05,True
1315615,107832.56,107832.56000000011,True
1296454,585463.68,585463.6799999999,True
1016863,116262.74,116262.74000000005,True
1096156,390298.0,390298.0,True
1165254,186150.12,186150.12,True
1120142,62932.5,62932.50000000006,True
1480885,501763.56,501763.55999999994,True
1403322,302913.24,302913.24,True
1255637,94421.6,94421.6000000001,True
1176225,600443.52,600443.5199999999,True
1271327,83287.6,83287.60000000015,True
1295483,37507.55,37507.550000000105,True
1353365,468983.41,468983.4099999999,True
1372985,111939.66,111939.66000000003,True
1457905,60574.08,60574.08000000013,True
1496455,2722.29,2722.2900000000955,True
1216628,8434.86,8434.86000000016,True
1270417,438434.76,438434.76,True
1354362,8107.74,8107.740000000107,True
1083570,121747.71,121747.71000000011,True
1009203,760176.76,760176.7599999998,True
1199768,316371.0,316371.0,True
1452950,188935.5,188935.50000000012,True
1131234,110888.75,110888.75000000006,True
1332014,4197.78,4197.780000000203,True
1393968,5064.8,5064.800000000163,True
1401855,257789.5,257789.5,True
1275703,4364.32,4364.320000000182,True
1350617,60792.34,60792.34000000014,True
1165314,189489.56,189489.56000000006,True
1131723,317450.24,317450.24,True
1168750,86387.28,86387.28000000009,True
1269232,788886.0,788885.9999999998,True
1473681,220662.39,220662.39000000013,True
1339332,80994.87,80994.87000000017,True
1440366,662059.84,662059.8399999999,True
1194804,47221.37,47221.37000000011,True
1437347,153941.06,153941.06000000008,True
1282050,490993.5,490993.49999999994,True
1215289,992257.72,992257.7199999997,True
1248267,702468.68,702468.6799999999,True
1379355,87232.5,87232.50000000006,True
1212333,11833.8,11833.800000000105,True
1080043,311138.18,311138.18,True
1045334,10063.8,10063.800000000221,True
1217921,1379.82,1379.8200000001234,True
1246804,49336.65,49336.65000000008,True
1029629,1015205.67,1015205.6699999997,True
1401853,176790.71,176790.71000000002,True
1315056,37449.44,37449.44000000012,True
1141141,62436.3,62436.300000000105,True
1404634,36477.9,36477.9000000002,True
1104148,52860.64,52860.64000000007,True
1105671,394875.86,394875.86,True
1074559,211334.6,211334.60000000003,True
1184691,424011.0,424010.99999999994,True
1371528,64460.64,64460.64000000019,True
1055042,101444.1,101444.10000000015,True
1310180,52367.25,52367.25000000006,True
1217253,607296.24,607296.2399999999,True
1252271,224186.75,224186.75000000006,True
1406689,20124.48,20124.480000000156,True
1244444,471932.58,471932.58,True
1308194,773027.64,773027.6399999999,True
1311084,46356.5,46356.500000000175,True
1302345,251483.4,251483.4,True
1287474,44750.16,44750.16000000009,True
1497843,291284.28,291284.28,True
1035446,136390.2,136390.20000000007,True
1274019,40488.14,40488.14000000013,True
1094403,28691.52,28691.520000000077,True
1111723,41602.0,41602.00000000006,True
1123041,536638.08,536638.0799999998,True
1417530,819784.2,819784.1999999998,True
1161153,313050.75,313050.75,True
1243741,185419.52,185419.5200000001,True
1420428,1004079.6,1004079.5999999996,True
1091016,40322.8,40322.800000000105,True
1020050,133816.8,133816.80000000005,True
1441761,60169.31,60169.310000000114,True
1264828,345674.48,345674.4799999999,True
1023235,172628.85,172628.8500000001,True
1177096,424991.39,424991.38999999996,True
1401530,106158.06,106158.06000000011,True
1123856,753479.22,753479.2199999997,True
1397386,107649.89,107649.89000000007,True
1109941,8137.9,8137.900000000198,True
1378060,238747.95,238747.95,True
1447113,184089.1,184089.10000000003,True
1491939,54303.26,54303.260000000184,True
1237643,42751.9,42751.9000000002,True
1462124,335687.56,335687.56,True
1223941,1421700.0,1421699.9999999998,True
1268426,625962.03,625962.0299999999,True
1439664,607217.38,607217.3799999999,True
1472311,852703.2,852703.1999999997,True
1092167,50115.87,50115.87000000017,True
1442524,21165.15,21165.150000000198,True
1346460,121785.12,121785.12000000005,True
1373264,153092.14,153092.14000000007,True
1453262,10144.38,10144.38000000018,True
1407932,512790.04,512790.0399999999,True
1336530,86697.9,86697.90000000008,True
1256579,335600.85,335600.85,True
1468482,347478.38,347478.38,True
1017613,420225.6,420225.6,True
1098411,310025.45,310025.45,True
1410717,712155.75,712155.7499999998,True
1256164,264007.5,264007.5,True
1012600,40148.08,40148.08000000019,True
1111454,244000.56,244000.56000000006,True
1288547,104854.2,104854.20000000013,True
1252593,110344.96,110344.96000000014,True
1045937,333466.5,333466.5,True
1156562,386755.78,386755.78,True
1384575,94662.12,94662.12000000017,True
1238158,4881.84,4881.840000000142,True
1079438,581116.8,581116.8,True
1105552,363861.36,363861.3599999999,True
1315174,69146.44,69146.44000000012,True
1361537,629321.28,629321.28,True
1424334,1020221.16,1020221.1599999997,True
1318852,49504.64,49504.64000000007,True
1437319,49947.38,49947.38000000012,True
1069890,1114151.28,1114151.2799999996,True
1476246,510250.36,510250.35999999987,True
1357988,57116.34,57116.34000000014,True
1250415,1172074.41,1172074.4099999997,True
1140583,143266.2,143266.2,True
1110869,233389.2,233389.20000000007,True
1006569,174676.19,174676.19,True
1435335,51016.5,51016.500000000175,True
1043932,508549.44,508549.43999999994,True
1318614,149379.51,149379.51000000007,True
1302380,20904.96,20904.960000000137,True
1338932,42107.31,42107.310000000114,True
1215284,70877.49,70877.49000000005,True
1213957,84900.76,84900.76000000018,True
1186914,809970.4,809970.3999999999,True
1138369,425821.95,425821.94999999995,True
1390579,516054.83,516054.82999999996,True
1363796,33841.05,33841.050000000105,True
1460900,168722.82,168722.82000000007,True
1123907,443810.96,443810.95999999996,True
1084268,42233.0,42233.00000000012,True
1094456,142414.58,142414.58000000005,True
1180631,9216.7,9216.700000000186,True
1144154,284094.15,284094.15000000014,True
1329004,393696.81,393696.81,True
1405186,628732.08,628732.0799999998,True
1335144,55311.12,55311.12000000005,True
1391246,541354.8,541354.7999999999,True
1049989,885062.9,885062.8999999999,True
1221721,237837.5,237837.5,True
1474017,3987.67,3987.6700000001583,True
1036343,38791.4,38791.4000000002,True
1453476,643214.55,643214.55,True
1476162,458609.58,458609.57999999996,True
1016695,101773.4,101773.40000000008,True
1481505,707109.24,707109.2399999999,True
1357937,113823.27,113823.27000000008,True
1184384,227767.02,227767.02000000008,True
1040770,104065.8,104065.80000000005,True
1128011,387072.86,387072.86,True
1056304,117097.36,117097.3600000001,True
1226323,178160.85,178160.85000000012,True
1186019,863952.82,863952.8199999997,True
1288909,2230.96,2230.9600000001956,True
1472499,747863.31,747863.3099999999,True
1004543,1075545.6,1075545.5999999999,True
1138912,31126.2,31126.200000000186,True
1379478,242513.16,242513.16000000003,True
1255451,100228.8,100228.8000000001,True
1325353,109039.37,109039.37000000011,True
1142888,16692.52,16692.520000000193,True
1177550,46694.4,46694.40000000014,True
1438964,625777.66,625777.6599999999,True
1302076,324711.84,324711.8400000001,True
1261243,262615.84,262615.8400000001,True
1076226,159700.1,159700.10000000015,True
1262229,118276.2,118276.2000000001,True
1143179,132653.16,132653.1600000001,True
1069540,58174.68,58174.68000000011,True
1150891,93886.65,93886.65000000008,True
1137551,8928.91,8928.91000000009,True
1376529,73050.18,73050.18000000011,True
1067277,291546.32,291546.31999999995,True
1057174,3656.93,3656.9300000001676,True
1042367,131741.37,131741.37000000005,True
1271517,1547.7,1547.7000000002445,True
1216361,37109.6,37109.60000000015,True
1369478,18547.94,18547.940000000235,True
1296742,14194.6,14194.600000000151,True
1375489,25125.15,25125.15000000014,True
1309803,358563.8,358563.8,True
1249263,249076.74,249076.74000000005,True
1277463,340640.37,340640.37,True
1048936,123669.15,123669.15000000014,True
1361433,86920.86,86920.86000000004,True
1004086,912520.44,912520.4399999997,True
1476477,765350.64,765350.6399999999,True
1036870,84212.46,84212.46000000014,True
1380936,630932.4,630932.3999999999,True
1238204,267157.92,267157.92000000004,True
1015271,2088.02,2088.0200000001932,True
1439060,10210.85,10210.850000000151,True
1182735,36978.36,36978.3600000001,True
1325536,449708.8,449708.8,True
1430215,53009.73,53009.73000000004,True
1267755,96545.2,96545.20000000013,True
1239360,866717.5,866717.4999999998,True
1039039,1325496.97,1325496.9699999997,True
1142714,190118.24,190118.24000000005,True
1367710,87033.1,87033.1000000001,True
1494560,393097.08,393097.08,True
1123594,1030986.87,1030986.8699999996,True
1108155,218817.6,218817.6000000001,True
1079118,253561.5,253561.5,True
1413076,51726.18,51726.18000000011,True
1305932,41641.47,41641.47000000015,True
1429724,13866.06,13866.060000000114,True
1209614,495393.75,495393.75,True
1433578,337275.9,337275.9000000001,True
1319762,344749.9,344749.9,True
1099281,151086.4,151086.40000000005,True
1410888,20965.44,20965.44000000012,True
1114033,95692.5,95692.50000000006,True
1427705,892055.78,892055.7799999998,True
1284928,17955.9,17955.900000000198,True
1097622,214738.65,214738.65000000002,True
1236691,581172.57,581172.5699999998,True
1030493,198718.8,198718.8,True
1381295,66190.77,66190.77000000008,True
1051889,476491.5,476491.5,True
1143421,130090.15,130090.15000000005,True
1221215,595774.26,595774.2599999999,True
1388873,7226.07,7226.070000000123,True
1287693,344894.2,344894.20000000007,True
1292022,22811.6,22811.60000000015,True
1354612,18384.86,18384.860000000044,True
1451651,9693.4,9693.400000000198,True
1080344,83681.57,83681.57000000012,True
1146061,178248.23,178248.23000000004,True
1438829,532033.92,532033.9199999999,True
1336399,331425.0,331425.0,True
1178204,474595.38,474595.38,True
1086774,760856.52,760856.5199999998,True
1207330,198038.61,198038.61000000004,True
1000651,98672.21,98672.21000000014,True
1158717,23647.96,23647.960000000137,True
1185909,25842.57,25842.570000000123,True
1059544,117135.2,117135.20000000007,True
1436501,453448.68,453448.68,True
1126162,244564.54,244564.54000000004,True
1343235,29758.8,29758.800000000105,True
1380174,423776.43,423776.43,True
1485430,890605.05,890605.0499999998,True
1198774,604116.1,604116.0999999999,True
1008560,1103906.0,1103905.9999999998,True
1498847,106649.4,106649.40000000008,True
1207799,203605.2,203605.20000000007,True
1407702,231075.24,231075.24000000002,True
1305719,668221.92,668221.9199999999,True
1464382,165310.08,165310.08000000002,True
1474338,733868.1,733868.0999999999,True
1010701,45969.21,45969.21000000014,True
1260144,309160.09,309160.08999999997,True
1219218,336227.76,336227.75999999995,True
1453364,76937.92,76937.9200000001,True
1002911,99809.07,99809.07000000012,True
1340244,42001.57,42001.57000000012,True
1407878,250223.4,250223.40000000005,True
1003491,280136.64,280136.6400000001,True
1088583,174380.09,174380.0900000001,True
1417041,97954.67,97954.67000000016,True
1092222,146554.8,146554.80000000002,True
1050842,81474.66,81474.66000000003,True
1264147,369613.26,369613.26,True
1061468,180984.12,180984.12000000002,True
1445047,598182.3,598182.2999999999,True
1044744,31329.6,31329.60000000015,True
1064476,373677.2,373677.2,True
1071737,124428.05,124428.0500000001,True
1435967,362931.32,362931.31999999995,True
1286906,324671.82,324671.81999999995,True
1028713,62119.52,62119.52000000008,True
1044760,14837.84,14837.840000000142,True
1127632,143212.05,143212.0500000001,True
1290436,24012.63,24012.63000000018,True
1184599,22349.91,22349.91000000015,True
1363754,28506.75,28506.75000000006,True
1088759,1145489.56,1145489.5599999998,True
1246195,34221.87,34221.87000000017,True
1195298,100510.83,100510.83000000013,True
1374091,69837.0,69837.00000000012,True
1025616,408140.48,408140.48,True
1355576,317299.4,317299.4000000001,True
1082639,678060.74,678060.7399999999,True
1316050,342128.4,342128.4000000001,True
1280923,630786.0,630785.9999999999,True
1220982,55301.4,55301.40000000008,True
1438259,17940.6,17940.600000000035,True
1381426,290961.32,290961.32,True
1315144,9763.99,9763.990000000165,True
1072850,347630.58,347630.57999999996,True
1136768,462743.0,462743.0,True
1261064,1116269.74,1116269.7399999998,True
1163555,145524.22,145524.22000000003,True
1099806,33223.36,33223.3600000001,True
1025012,54872.79,54872.790000000095,True
1394863,20947.72,20947.720000000205,True
1496113,134643.08,134643.08000000007,True
1257589,267390.45,267390.45,True
1497223,374488.2,374488.20000000007,True
1407472,156962.61,156962.61000000004,True
1028334,62321.52,62321.52000000008,True
1479158,202938.0,202938.00000000012,True
1411414,348893.48,348893.48,True
1321474,201041.4,201041.40000000002,True
1420945,174881.88,174881.88000000003,True
1116715,3794.14,3794.1400000001886,True
1484702,306319.53,306319.53,True
1319025,184428.8,184428.80000000005,True
1256603,689104.08,689104.0799999998,True
1320140,107429.84,107429.84000000014,True
1375356,392146.89,392146.88999999996,True
1488507,99965.1,99965.1000000001,True
1234491,247141.7,247141.7,True
1302212,316454.85,316454.85,True
1086327,110865.6,110865.6000000001,True
1209172,687989.8,687989.7999999999,True
1261932,602545.05,602545.0499999999,True
1002060,114657.39,114657.39000000013,True
1140318,5533.2,5533.200000000128,True
1389318,42628.68,42628.68000000011,True
1207966,10578.36,10578.36000000016,True
1097631,10295.84,10295.840000000258,True
1449372,388377.66,388377.6599999999,True
1411424,261102.8,261102.80000000002,True
1043114,65265.75,65265.75000000012,True
1013486,2210.06,2210.0600000001723,True
1231299,49722.81,49722.810000000056,True
1329002,223983.63,223983.63,True
1299703,344094.96,344094.96,True
1456118,64395.1,64395.100000000035,True
1143499,251512.38,251512.3800000001,True
1150524,96125.16,96125.16000000009,True
1296072,152561.25,152561.25000000006,True
1266773,26151.39,26151.39000000019,True
1370620,179039.57,179039.57000000007,True
1319220,875210.16,875210.1599999999,True
1054672,12236.62,12236.62000000017,True
1413035,111486.44,111486.44000000012,True
1218020,223810.44,223810.44000000006,True
1373125,229337.48,229337.48000000004,True
1285469,278188.02,278188.0200000001,True
1162746,10063.98,10063.980000000156,True
1457285,245814.4,245814.40000000008,True
1166355,266238.9,266238.9000000001,True
1191322,511171.43,511171.42999999993,True
1205637,590785.58,590785.58,True
1032515,955837.68,955837.6799999997,True
1316673,953370.06,953370.0599999998,True
1209803,4613.15,4613.150000000198,True
1324079,44612.1,44612.10000000015,True
1241118,54202.7,54202.70000000013,True
1166352,722073.66,722073.6599999999,True
1058602,561661.6,561661.5999999999,True
1392329,34982.94,34982.94000000006,True
1203392,60690.36,60690.36000000016,True
1226557,224408.25,224408.25000000006,True
1092416,470286.0,470285.99999999994,True
1023630,23251.7,23251.700000000128,True
1260612,72423.54,72423.5400000001,True
1060727,183010.08,183010.08000000005,True
1333894,3025.18,3025.1800000001676,True
1011853,800995.95,800995.95,True
1431879,11784.64,11784.640000000189,True
1207103,511198.29,511198.2899999999,True
1202715,23739.72,23739.720000000147,True
1166451,55925.21,55925.21000000008,True
1219818,50827.92,50827.9200000001,True
1089579,165698.88,165698.88000000012,True
1215024,51736.02,51736.020000000135,True
1470560,31149.65,31149.650000000198,True
1360543,324327.63,324327.63000000006,True
1008538,336781.79,336781.79000000004,True
1323324,155385.8,155385.80000000005,True
1392545,74898.95,74898.95000000013,True
1107005,16620.77,16620.770000000077,True
1455114,20489.7,20489.700000000128,True
1348552,1101663.68,1101663.6799999997,True
1364030,189403.74,189403.74000000002,True
1155674,131778.14,131778.14000000007,True
1345683,26108.76,26108.760000000126,True
1163992,149810.1,149810.1000000001,True
1480672,286706.88,286706.88,True
1436475,182785.6,182785.60000000003,True
1452555,247223.45,247223.45,True
1342811,38495.55,38495.550000000105,True
1174064,104358.8,104358.8000000001,True
1384579,1880.45,1880.450000000128,True
1181501,33617.16,33617.16000000009,True
1461928,173492.28,173492.28000000003,True
1252854,56062.89,56062.89000000007,True
1486671,735292.04,735292.0399999999,True
1345109,114409.93,114409.93000000005,True
1451519,258072.08,258072.08000000002,True
1400155,134225.52,134225.52000000005,True
1025177,675355.89,675355.8899999999,True
1144689,8384.35,8384.350000000151,True
1169388,4236.45,4236.4500000002445,True
1270847,54816.72,54816.72000000015,True
1492942,459588.17,459588.1699999999,True
1167988,462870.66,462870.6599999999,True
1297302,53710.98,53710.9800000001,True
1359279,11088.32,11088.32000000024,True
1233755,204932.64,204932.64000000007,True
1215328,34318.5,34318.500000000175,True
1193675,27872.28,27872.280000000144,True
1324978,676559.8,676559.7999999998,True
1373259,57046.7,57046.70000000013,True
1347184,486923.29,486923.2899999999,True
1093438,294321.44,294321.44,True
1419101,641683.3,641683.3,True
1356073,159325.88,159325.8800000001,True
1477694,119432.6,119432.60000000006,True
1249218,53757.0,53757.000000000175,True
1478605,138628.2,138628.2,True
1262281,84584.06,84584.06000000006,True
1320960,86599.88,86599.88000000018,True
1010816,270318.88,270318.88,True
1085729,48032.5,48032.500000000175,True
1188760,28839.8,28839.800000000105,True
1285074,1133167.48,1133167.4799999997,True
1492829,1074311.75,1074311.7499999998,True
1473223,120624.0,120624.00000000012,True
1374721,462259.36,462259.35999999987,True
1056542,29968.12,29968.12000000011,True
1331644,79457.42,79457.4200000001,True
1327910,185928.84,185928.84000000003,True
1479856,19162.98,19162.980000000156,True
1022537,417375.25,417375.25,True
1130414,628758.0,628757.9999999999,True
1389890,7107.38,7107.380000000179,True
1430961,30293.36,30293.360000000044,True
1372992,492415.2,492415.2,True
1431700,35826.8,35826.800000000105,True
1104798,26473.38,26473.38000000018,True
1409954,250311.99,250311.99000000005,True
1271535,67524.48,67524.48000000004,True
1038503,160847.95,160847.95000000013,True
1455501,925981.15,925981.1499999997,True
1203536,186432.88,186432.8800000001,True
1327940,825558.68,825558.6799999999,True
1055388,113671.74,113671.7400000001,True
1499429,59444.8,59444.800000000105,True
1159859,1148544.36,1148544.3599999999,True
1243520,455129.54,455129.5399999999,True
1121637,1155210.3,1155210.2999999998,True
1267816,979581.17,979581.1699999997,True
1282040,123244.02,123244.02000000014,True
1248957,15222.6,15222.600000000151,True
1458386,104021.18,104021.18000000005,True
1365724,27923.08,27923.080000000133,True
1479247,464618.28,464618.27999999997,True
1101817,432352.97,432352.9699999999,True
1119066,308959.68,308959.68000000005,True
1365500,309799.0,309799.0,True
1029210,44845.92,44845.9200000001,True
1189709,126845.5,126845.50000000006,True
1041698,12957.04,12957.040000000095,True
1472886,293468.24,293468.24,True
1052931,105427.28,105427.28000000009,True
1383565,87665.6,87665.6000000001,True
1023289,112767.16,112767.16000000009,True
1226973,1119698.65,1119698.6499999997,True
1310924,97539.54,97539.54000000004,True
1307852,397144.0,397144.0,True
1037809,470355.84,470355.83999999997,True
1484673,625018.4,625018.3999999999,True
1215593,204237.66,204237.66000000003,True
1409436,5616.82,5616.820000000123,True
1072095,342047.82,342047.81999999995,True
1476737,440458.65,440458.65,True
1333505,29173.26,29173.260000000184,True
1142288,130097.36,130097.36000000004,True
1418541,211836.33,211836.33000000005,True
1237839,784598.32,784598.3199999998,True
1271783,78923.6,78923.60000000015,True
1101607,198395.44,198395.44000000003,True
1456101,401975.4,401975.4,True
1102994,69113.59,69113.59000000014,True
1077677,38547.6,38547.60000000015,True
1476288,33379.77,33379.77000000019,True
1251848,129084.28,129084.28000000012,True
1123314,46122.03,46122.030000000086,True
1469638,45212.64,45212.64000000013,True
1025271,1136351.73,1136351.7299999997,True
1332796,81459.01,81459.01000000007,True
1205539,16981.02,16981.020000000077,True
1123980,186486.04,186486.04000000007,True
1363807,33595.41,33595.41000000009,True
1482617,45747.0,45747.00000000006,True
1192432,150746.4,150746.40000000008,True
1143168,655392.08,655392.0799999998,True
1008173,29062.4,29062.40000000014,True
1357547,339939.1,339939.10000000003,True
1482438,140529.6,140529.6000000001,True
1485620,259848.71,259848.71000000002,True
1156312,365989.65,365989.65,True
1407889,93405.91,93405.91000000003,True
1298848,193970.73,193970.7300000001,True
1252331,19110.84,19110.84000000026,True
1438629,553012.04,553012.04,True
1047734,399044.1,399044.1,True
1150927,55746.74,55746.74000000005,True
1461671,305690.0,305690.00000000006,True
1004168,167101.2,167101.2,True
1062792,6725.33,6725.330000000133,True
1029361,201912.06,201912.06,True
1273593,635302.62,635302.6199999999,True
1436854,675427.35,675427.3499999999,True
1480192,157616.78,157616.7800000001,True
1123287,596052.6,596052.5999999999,True
1224048,13509.12,13509.12000000017,True
1219554,588833.28,588833.28,True
1364148,2353.56,2353.560000000114,True
1224670,41897.72,41897.72000000015,True
1200210,81259.5,81259.50000000006,True
1322875,33123.4,33123.40000000014,True
1428352,1129664.62,1129664.6199999999,True
1372387,275367.42,275367.42000000004,True
1300712,21344.48,21344.480000000098,True
1471153,338227.89,338227.8900000001,True
1344362,377600.3,377600.3,True
1142732,1003963.52,1003963.5199999998,True
1027293,284618.1,284618.10000000003,True
1142435,458203.2,458203.19999999995,True
1094343,203574.63,203574.63000000012,True
1092720,185454.36,185454.36000000004,True
1002480,58763.88,58763.88000000006,True
1477433,93406.8,93406.80000000005,True
1459302,15097.86,15097.86000000016,True
1116318,146717.85,146717.8500000001,True
1009490,311543.4,311543.4,True
1483538,32841.72,32841.720000000205,True
1115197,832751.08,832751.0799999998,True
1039022,100640.16,100640.16000000009,True
1438208,423075.6,423075.6,True
1256446,36187.45,36187.45000000013,True
1443639,123956.0,123956.00000000006,True
1194688,102215.36,102215.36000000004,True
1370641,28830.24,28830.240000000165,True
1382521,355039.88,355039.88,True
1499494,183514.8,183514.8000000001,True
1099222,1276402.33,1276402.3299999998,True
1046592,279980.25,279980.25000000006,True
1262640,69902.75,69902.75000000017,True
1450407,220785.32,220785.32,True
1230154,125602.4,125602.40000000005,True
1413672,751145.78,751145.7799999998,True
1424449,233066.33,233066.33000000002,True
1203655,15186.9,15186.900000000081,True
1344990,788373.39,788373.3899999999,True
1349669,29678.88,29678.880000000063,True
1176821,933755.15,933755.1499999997,True
1234827,107002.9,107002.90000000002,True
1142051,57117.6,57117.600000000035,True
1285131,38310.09,38310.09000000014,True
1114998,303648.84,303648.84,True
1496159,54949.38,54949.38000000012,True
1326748,723739.8,723739.8,True
1334881,142485.84,142485.8400000001,True
1085359,91371.24,91371.24000000005,True
1484458,702114.74,702114.74,True
1158222,53261.46,53261.46000000014,True
1317534,834682.32,834682.3199999998,True
1351868,111657.75,111657.75000000006,True
1458114,272432.16,272432.16,True
1151614,66489.28,66489.28000000009,True
1349844,23171.13,23171.130000000063,True
1380546,21055.84,21055.840000000142,True
1203404,23645.82,23645.82000000018,True
1360018,331719.69,331719.69,True
1114927,734987.33,734987.3299999998,True
1218492,191502.24,191502.24,True
1399342,204490.0,204490.00000000003,True
1379439,365001.7,365001.70000000007,True
1290003,786615.39,786615.3899999999,True
1137027,665781.68,665781.6799999999,True
1005009,206367.04,206367.0400000001,True
1172655,16060.75,16060.750000000116,True
1235590,128158.0,128158.00000000012,True
1129942,32040.6,32040.600000000035,True
1050438,224533.98,224533.98000000004,True
1066328,45077.2,45077.20000000013,True
1357501,47621.88,47621.88000000006,True
1442222,40358.2,40358.20000000013,True
1476157,15378.6,15378.600000000093,True
1397346,431622.8,431622.79999999993,True
1405030,173987.69,173987.69000000003,True
1127769,853796.91,853796.9099999998,True
1270613,8265.38,8265.38000000018,True
1319571,92834.1,92834.1000000001,True
1049796,95286.5,95286.50000000006,True
1276047,234790.2,234790.20000000007,True
1148300,417121.25,417121.25,True
1402529,103937.88,103937.88000000006,True
1085224,103584.39,103584.39000000007,True
1179605,191743.84,191743.84000000003,True
1354262,46872.24,46872.24000000011,True
1324342,306658.8,306658.8,True
1225474,121112.25,121112.25000000006,True
1063310,162158.54,162158.5400000001,True
1279138,696158.81,696158.81,True
1048833,490150.98,490150.98,True
1285532,21582.12,21582.12000000017,True
1030934,44084.46,44084.46000000014,True
1126782,60643.12,60643.12000000011,True
1055726,708059.94,708059.9399999997,True
1453031,403166.16,403166.16,True
1455242,13450.88,13450.88000000018,True
1166566,211054.32,211054.32000000004,True
1339737,26623.14,26623.14000000019,True
1045841,32688.2,32688.200000000128,True
1391128,415382.94,415382.93999999994,True
1466640,5978.32,5978.32000000024,True
1491962,55418.13,55418.13000000006,True
1132260,186860.34,186860.34000000003,True
1153626,110534.76,110534.76000000007,True
1475864,790781.25,790781.2499999998,True
1128496,41309.64,41309.64000000007,True
1022284,577199.76,577199.7599999999,True
1318545,625383.66,625383.6599999999,True
1328010,176305.79,176305.79000000007,True
1100790,26214.84,26214.840000000142,True
1364999,310725.21,310725.2100000001,True
1397527,247094.29,247094.29000000004,True
1230333,166502.52,166502.52000000002,True
1292508,597451.4,597451.3999999999,True
1039300,66948.93,66948.93000000011,True
1480195,59331.93,59331.93000000011,True
1260382,125498.8,125498.80000000008,True
1007072,64813.76,64813.76000000007,True
1385536,63123.2,63123.20000000013,True
1310202,17629.7,17629.700000000128,True
1402112,100040.07,100040.07000000012,True
1284978,92457.99,92457.9900000001,True
1477825,135997.2,135997.2000000001,True
1093228,102781.8,102781.8000000001,True
1052599,31805.56,31805.56000000023,True
1462978,432435.24,432435.24,True
1242321,289333.0,289333.00000000006,True
1308455,240271.34,240271.34000000008,True
1278020,137307.24,137307.24000000005,True
1196857,77548.72,77548.72000000015,True
1080650,7698.5,7698.500000000175,True
1004234,245746.0,245746.00000000006,True
1171024,222627.57,222627.57,True
1160297,75389.86,75389.86000000004,True
1179199,630162.72,630162.72,True
1055751,95070.8,95070.80000000005,True
1457786,157534.24,157534.24000000005,True
1149102,29739.3,29739.300000000105,True
1450712,670807.06,670807.0599999998,True
1425897,245554.12,245554.12000000005,True
1256214,136698.12,136698.1200000001,True
1287350,34344.5,34344.50000000006,True
1115706,125718.84,125718.84000000003,True
1251245,659093.28,659093.2799999998,True
1259224,743708.0,743707.9999999998,True
1154567,857833.6,857833.5999999997,True
1300185,38594.25,38594.25000000006,True
1315688,777879.7,777879.6999999997,True
1315971,132179.45,132179.45000000013,True
1014569,218601.6,218601.6000000001,True
1427453,151083.55,151083.55,True
1058716,577607.68,577607.6799999999,True
1259071,36250.32,36250.32000000012,True
1170218,238612.08,238612.08000000002,True
1120374,904327.06,904327.0599999998,True
1077559,67348.0,67348.00000000006,True
1257684,70233.3,70233.3000000001,True
1244700,112237.88,112237.88000000006,True
1408815,649976.7,649976.6999999997,True
1476958,30823.75,30823.750000000175,True
1248569,12882.24,12882.240000000165,True
1485909,487437.11,487437.10999999987,True
1262652,384801.82,384801.82000000007,True
1073512,369663.0,369662.99999999994,True
1277268,293593.25,293593.25000000006,True
1258330,267073.6,267073.6,True
1106099,122600.64,122600.64000000007,True
1468800,238726.66,238726.66,True
1380803,157559.43,157559.43000000005,True
1358717,227329.5,227329.50000000003,True
1144813,7047.72,7047.72000000003,True
1076182,139070.4,139070.40000000002,True
1440137,109050.4,109050.40000000008,True
1311002,295470.0,295470.0,True
1233283,2381.46,2381.4600000001374,True
1470824,27051.31,27051.310000000114,True
1213202,654372.46,654372.4599999998,True
1283559,4596.28,4596.280000000203,True
1106353,4546.96,4546.960000000137,True
1214081,285144.6,285144.60000000003,True
1244744,542289.06,542289.06,True
1071593,6258.6,6258.600000000093,True
1397843,39642.4,39642.4000000002,True
1184813,26756.45,26756.450000000128,True
1071794,269901.78,269901.7800000001,True
1151690,395552.04,395552.0399999999,True
1187633,315073.2,315073.20000000007,True
1257598,178752.32,178752.32000000007,True
1000769,414248.97,414248.97,True
1135708,520135.56,520135.5599999999,True
1463835,12145.28,12145.280000000203,True
1063015,93839.9,93839.90000000008,True
1016966,48357.12,48357.12000000017,True
1461986,32779.8,32779.800000000105,True
1441406,328767.78,328767.78,True
1085339,23706.72,23706.72000000009,True
1068922,76541.28,76541.28000000009,True
1044610,51702.5,51702.500000000175,True
1494124,221763.98,221763.9800000001,True
1076336,24719.73,24719.730000000098,True
1088461,98669.34,98669.34000000014,True
1170183,89962.06,89962.06000000011,True
1311247,704995.8,704995.7999999998,True
1376878,156430.8,156430.80000000005,True
1059982,244889.92,244889.9200000001,True
1044996,202293.12,202293.12000000008,True
1391976,434369.26,434369.26,True
1180132,8008.12,8008.12000000017,True
1006286,1391171.62,1391171.6199999999,True
1157630,45753.51,45753.510000000126,True
1485696,41585.85,41585.85000000009,True
1230183,68109.4,68109.40000000008,True
1057398,547104.46,547104.46,True
1364046,82033.41,82033.41000000009,True
1305037,298682.64,298682.64,True
1251513,181548.64,181548.64000000004,True
1218389,275447.55,275447.55,True
1204965,46140.24,46140.24000000005,True
1035549,423393.84,423393.83999999997,True
1090921,474700.68,474700.67999999993,True
1268022,26270.2,26270.200000000128,True
1351459,52797.78,52797.780000000086,True
1014032,244362.0,244362.00000000006,True
1124993,55666.8,55666.800000000105,True
1088688,534446.2,534446.2,True
1463298,325591.48,325591.48,True
1283129,8622.78,8622.780000000203,True
1413362,195471.44,195471.4400000001,True
1078808,229678.15,229678.15000000008,True
1300863,652272.5,652272.4999999998,True
1041472,432570.24,432570.23999999993,True
1098268,46981.22,46981.22000000015,True
1309844,18359.7,18359.700000000128,True
1280813,146214.32,146214.32000000012,True
1183990,516252.88,516252.87999999995,True
1361219,602378.24,602378.2399999999,True
1061968,64600.72,64600.72000000015,True
1128247,216923.52,216923.52000000002,True
1277830,563419.55,563419.5499999999,True
1433252,131507.92,131507.92000000013,True
1366918,176208.34,176208.34000000003,True
1321916,787819.8,787819.7999999998,True
1074896,483459.9,483459.89999999997,True
1311334,55338.48,55338.48000000004,True
1320848,31863.6,31863.60000000015,True
1196578,241686.9,241686.90000000005,True
1440241,142152.75,142152.75000000006,True
1183779,239133.76,239133.76,True
1276963,597719.46,597719.46,True
1381180,98378.4,98378.40000000008,True
1392179,298322.64,298322.6400000001,True
1428592,158051.72,158051.72000000003,True
1433405,109810.89,109810.89000000007,True
1393277,144340.29,144340.29000000007,True
1050981,188754.16,188754.16000000006,True
1254581,13650.7,13650.700000000128,True
1174758,605816.75,605816.75,True
1339016,89457.81,89457.81000000011,True
1341020,186610.83,186610.83000000005,True
1418789,412208.72,412208.7199999999,True
1171076,142711.47,142711.47000000006,True
1013057,821333.52,821333.5199999998,True
1101202,482175.19,482175.19,True
1201002,81623.34,81623.34000000014,True
1366683,366379.44,366379.44,True
1479204,233539.02,233539.02000000005,True
1457207,957267.45,957267.4499999997,True
1479605,44539.18,44539.18000000011,True
1378971,56463.26,56463.26000000007,True
1041521,74516.88,74516.88000000006,True
1387923,339735.6,339735.60000000003,True
1029530,190939.32,190939.32,True
1402532,454180.16,454180.1599999999,True
1016980,49824.32,49824.32000000012,True
1290052,277547.01,277547.01,True
1068879,18965.52,18965.520000000193,True
1426481,13280.54,13280.540000000154,True
1172226,535509.3,535509.3,True
1483150,48453.93,48453.93000000011,True
1479737,355400.5,355400.49999999994,True
1033924,35996.3,35996.300000000105,True
1401354,36167.84,36167.84000000014,True
1279780,67784.94,67784.94000000012,True
1034151,114685.2,114685.20000000007,True
1148323,31002.54,31002.540000000095,True
1225241,329320.2,329320.2,True
1185251,128259.02,128259.02000000008,True
1326617,40149.3,40149.300000000105,True
1239327,23362.25,23362.250000000175,True
1272083,511272.06,511272.05999999994,True
1270949,77886.9,77886.90000000008,True
1022824,74632.95,74632.95000000013,True
1012076,160295.02,160295.02000000008,True
1380830,17135.91,17135.91000000009,True
1103804,437601.78,437601.77999999997,True
1120446,202983.76,202983.76,True
1145034,46881.55,46881.550000000105,True
1309254,152660.17,152660.17000000007,True
1404738,681581.52,681581.5199999998,True
1237608,39297.58,39297.58000000013,True
1162247,77442.0,77442.00000000006,True
1097195,179772.28,179772.28000000006,True
1327711,25789.21,25789.210000000137,True
1163298,345525.51,345525.51,True
1387477,58453.07,58453.07000000012,True
1081282,13620.2,13620.200000000128,True
1151535,107974.75,107974.75000000006,True
1107654,156554.03,156554.03000000012,True
1439302,237212.28,237212.28000000003,True
1298238,269437.5,269437.50000000006,True
1340501,757460.34,757460.3399999999,True
1064626,53901.76,53901.76000000007,True
1252283,90703.05,90703.0500000001,True
1207694,122662.41,122662.41000000009,True
1234088,19125.9,19125.90000000008,True
1279911,10810.01,10810.010000000184,True
1439351,23774.16,23774.16000000009,True
1103409,664670.16,664670.1599999999,True
1471681,1132846.53,1132846.5299999998,True
1129127,551910.78,551910.78,True
1482447,350223.76,350223.76,True
1199647,94911.8,94911.80000000005,True
1405123,247646.08,247646.08000000007,True
1132032,3256.5,3256.5000000001746,True
1443126,171747.81,171747.81000000006,True
1431304,95299.62,95299.62000000011,True
1428580,252873.9,252873.90000000005,True
1256243,587996.15,587996.1499999999,True
1437325,104467.52,104467.52000000008,True
1037164,473084.39,473084.38999999996,True
1271883,106639.64,106639.64000000013,True
1122681,136558.7,136558.70000000013,True
1497676,315641.4,315641.4,True
1490327,80735.7,80735.70000000013,True
1478694,4891.95,4891.950000000128,True
1473621,133965.26,133965.26000000007,True
1234671,521584.14,521584.1399999999,True
1051893,46815.3,46815.300000000105,True
1032348,550213.95,550213.9499999998,True
1280591,20787.76,20787.760000000126,True
1467941,421719.3,421719.29999999993,True
1400859,89060.85,89060.85000000015,True
1278555,248791.68,248791.68000000005,True
1171471,9631.98,9631.980000000156,True
1453210,87420.46,87420.46000000014,True
1036384,370912.5,370912.5,True
1171102,133157.52,133157.52000000005,True
1481589,417793.28,417793.28,True
1254139,57762.74,57762.74000000011,True
1480473,74848.48,74848.4800000001,True
1198018,218477.0,218477.00000000006,True
1263289,162929.2,162929.20000000007,True
1409485,77942.76,77942.76000000007,True
1010975,37913.1,37913.10000000009,True
1113714,77579.46,77579.46000000014,True
1297420,377843.4,377843.4,True
1006310,54268.0,54268.000000000175,True
1398260,162358.21,162358.21000000005,True
1484165,13622.8,13622.800000000163,True
1104369,9604.6,9604.600000000093,True
1359913,19892.32,19892.32000000024,True
1199319,53840.16,53840.16000000009,True
1051991,110827.2,110827.20000000001,True
1307700,346624.53,346624.53,True
1336373,287263.8,287263.80000000005,True
1038827,757740.52,757740.5199999998,True
1176806,181521.12,181521.12000000002,True
1344456,40110.39,40110.39000000007,True
1270889,65983.59,65983.59000000014,True
1195366,5974.01,5974.010000000184,True
1179670,767176.5,767176.5,True
1190679,206058.06,206058.06000000008,True
1310443,481404.0,481404.0,True
1000178,82600.76,82600.76000000007,True
1154534,104171.94,104171.94000000006,True
1362314,354971.9,354971.9,True
1339861,35446.95,35446.950000000186,True
1296226,203172.6,203172.60000000003,True
1433673,64481.8,64481.800000000105,True
1383091,889154.79,889154.7899999998,True
1060668,105655.76,105655.76000000018,True
1184427,297981.84,297981.84,True
1137795,100542.75,100542.75000000006,True
1159920,44751.63,44751.63000000018,True
1466318,24250.32,24250.320000000123,True
1158507,195155.02,195155.02000000002,True
1464582,37565.5,37565.500000000175,True
1349022,135433.8,135433.80000000005,True
1455255,668319.3,668319.2999999999,True
1105453,113453.34,113453.34000000008,True
1337895,411099.61,411099.61,True
1221527,364692.98,364692.98,True
1090092,104228.28,104228.28000000009,True
1183297,417606.0,417606.0,True
1249953,121512.95,121512.95000000007,True
1012779,126871.5,126871.50000000006,True
1413977,477991.74,477991.74,True
1243116,77277.42,77277.4200000001,True
1391658,79501.51,79501.51000000013,True
1251483,163573.2,163573.20000000007,True
1197120,389175.36,389175.36,True
1272359,487171.74,487171.74,True
1005807,32005.35,32005.35000000015,True
1114684,44869.09,44869.09000000014,True
1395256,324309.86,324309.86,True
1088004,1039830.09,1039830.0899999996,True
1383842,24164.72,24164.720000000147,True
1294818,342911.5,342911.5,True
1342348,5571.76,5571.760000000184,True
1036944,72347.88,72347.88000000006,True
1150722,95860.62,95860.62000000011,True
1014397,48394.24,48394.24000000005,True
1090635,363714.45,363714.44999999995,True
1133242,67939.4,67939.40000000008,True
1342558,248937.75,248937.75000000006,True
1311312,513651.6,513651.59999999986,True
1017302,77243.2,77243.20000000013,True
1163559,150359.75,150359.75000000006,True
1131698,135313.2,135313.20000000007,True
1203379,555109.0,555108.9999999999,True
1269279,358656.0,358656.0,True
1108753,54981.82,54981.82000000012,True
1365754,53760.96,53760.96000000014,True
1031993,344374.08,344374.07999999996,True
1273137,199084.6,199084.6000000001,True
1111763,574724.32,574724.3199999998,True
1209050,923881.16,923881.1599999997,True
1194147,33887.28,33887.280000000086,True
1235574,84222.32,84222.32000000012,True
1434720,108412.06,108412.06000000006,True
1412484,246019.68,246019.68,True
1234158,45448.51,45448.51000000007,True
1099579,55138.2,55138.20000000013,True
1062112,13972.16,13972.16000000009,True
1107095,141353.75,141353.75000000006,True
1003003,662786.49,662786.4899999998,True
1212985,446462.53,446462.52999999997,True
1423658,9402.96,9402.960000000137,True
1428079,24317.36,24317.360000000044,True
1066200,124103.04,124103.04000000004,True
1433514,230316.0,230316.00000000006,True
1204963,67193.19,67193.19000000012,True
1479996,174794.4,174794.40000000002,True
1099078,490906.92,490906.9199999999,True
1225055,26337.24,26337.240000000165,True
1057389,731854.9,731854.8999999999,True
1320216,59910.03,59910.030000000086,True
1226017,1090280.96,1090280.9599999997,True
1374164,171857.76,171857.76000000007,True
1480891,16123.2,16123.200000000128,True
1294510,471566.92,471566.92,True
1092386,44740.24,44740.24000000005,True
1035309,286147.6,286147.6,True
1162991,584637.49,584637.4899999999,True
1240809,190932.33,190932.33000000007,True
1380418,254229.66,254229.6600000001,True
1381780,164542.66,164542.66000000003,True
1039150,33244.8,33244.80000000005,True
1257599,37342.64,37342.64000000019,True
1065938,57044.52,57044.52000000008,True
1270346,279518.42,279518.42,True
1127969,195326.64,195326.64,True
1332076,251485.2,251485.2000000001,True
1001362,367222.02,367222.01999999996,True
1054881,193804.0,193804.00000000006,True
1304792,826277.68,826277.6799999999,True
1225872,718163.64,718163.6399999999,True
1380070,116255.01,116255.01000000007,True
1229714,23475.96,23475.960000000137,True
1351157,124513.72,124513.72000000009,True
1274907,474517.12,474517.11999999994,True
1383586,82718.97,82718.97000000015,True
1073066,148469.44,148469.44000000006,True
1064278,264555.52,264555.52,True
1149182,58578.96,58578.96000000014,True
1457800,120323.17,120323.17000000004,True
1378484,40785.1,40785.10000000015,True
1374414,270687.96,270687.9600000001,True
1492763,964956.72,964956.7199999997,True
1018927,120637.44,120637.44000000006,True
1418683,390763.68,390763.68000000005,True
1157083,241725.33,241725.33000000007,True
1135264,78328.25,78328.25000000017,True
1201845,385554.56,385554.56,True
1401734,377882.24,377882.24,True
1314832,57460.32,57460.32000000012,True
1233381,96283.44,96283.44000000012,True
1043312,89299.44,89299.44000000006,True
1073259,37434.98,37434.98000000004,True
1252261,58540.17,58540.1700000001,True
1099649,34679.1,34679.10000000009,True
1240392,119928.78,119928.78000000006,True
1160784,265845.32,265845.32000000007,True
1379077,121553.88,121553.88000000006,True
1328765,433802.7,433802.7,True
1176884,14783.8,14783.800000000221,True
1112781,267987.26,267987.26000000007,True
1283270,167011.0,167011.00000000003,True
1494995,43322.13,43322.13000000006,True
1453557,415276.22,415276.22,True
1473301,408042.72,408042.7199999999,True
1063527,498651.48,498651.47999999986,True
1057063,38110.72,38110.720000000205,True
1278399,150646.44,150646.44000000006,True
1424241,25950.5,25950.500000000116,True
1352319,95835.52,95835.52000000008,True
1098787,380404.58,380404.57999999996,True
1418130,11543.18,11543.180000000226,True
1382007,26111.72,26111.720000000147,True
1426285,140462.16,140462.1600000001,True
1499130,96365.4,96365.40000000008,True
1133141,866232.0,866231.9999999998,True
1292194,46632.3,46632.300000000105,True
1017874,628963.96,628963.9599999998,True
1034754,98586.09,98586.09000000014,True
1198225,7692.0,7692.000000000175,True
1214855,28713.9,28713.90000000014,True
1425650,169364.3,169364.3000000001,True
1084544,1165653.72,1165653.7199999997,True
1026366,47480.16,47480.16000000009,True
1129521,79596.81,79596.81000000011,True
1437053,285444.68,285444.68,True
1062863,28395.22,28395.220000000147,True
1368183,631365.72,631365.7199999999,True
1066285,388184.19,388184.18999999994,True
1465679,760174.8,760174.7999999998,True
1006145,37634.04,37634.040000000095,True
1191562,80082.36,80082.3600000001,True
1273926,1125664.05,1125664.0499999998,True
1118297,528611.35,528611.3499999999,True
1025686,24754.45,24754.450000000186,True
1053516,336438.0,336438.0,True
1022848,614476.05,614476.0499999999,True
1153663,16410.62,16410.62000000017,True
1075383,217814.48,217814.48,True
1313467,7343.92,7343.9200000002165,True
1018494,44554.95,44554.95000000013,True
1269855,333637.0,333637.0,True
1473421,11674.5,11674.500000000175,True
1265403,18356.8,18356.800000000105,True
1230488,771086.4,771086.3999999999,True
1005242,27318.52,27318.520000000135,True
1400056,116056.38,116056.38000000015,True
1051118,81512.42,81512.4200000001,True
1465922,615258.81,615258.8099999999,True
1362543,266079.66,266079.66000000003,True
1477156,181193.4,181193.40000000005,True
1164635,556619.78,556619.7799999999,True
1415191,727486.8,727486.7999999998,True
1269300,262581.36,262581.36000000004,True
1043849,412617.1,412617.1,True
1394865,609231.36,609231.3599999999,True
1152699,159081.92,159081.92000000004,True
1011122,53860.25,53860.250000000175,True
1470679,32137.26,32137.260000000126,True
1354683,88337.04,88337.0400000001,True
1033450,23459.52,23459.520000000135,True
1293863,133600.28,133600.28000000006,True
1256656,72401.49,72401.4900000001,True
1381802,237046.87,237046.87000000002,True
1480530,452227.6,452227.6,True
1204562,49993.4,49993.40000000008,True
1337292,181018.08,181018.08000000002,True
1229600,137258.28,137258.28000000014,True
1156331,362082.89,362082.8900000001,True
1147556,37559.96,37559.96000000014,True
1201422,135064.15,135064.15000000005,True
1379682,68481.04,68481.0400000001,True
1491419,265367.2,265367.2,True
1111576,114876.03,114876.03000000009,True
1197408,336406.29,336406.29000000004,True
1012044,164226.88,164226.88000000006,True
1330889,236424.25,236424.25000000006,True
1182686,234793.02,234793.02000000002,True
1260121,541997.89,541997.8899999999,True
1313505,45891.76,45891.76000000007,True
1231575,89879.3,89879.3000000001,True
1181263,28245.44,28245.44000000012,True
1047511,92192.8,92192.8000000001,True
1213653,48201.48,48201.48000000004,True
1038112,961282.76,961282.7599999998,True
1247549,88714.89,88714.89000000007,True
1226449,19503.52,19503.520000000193,True
1482201,818865.84,818865.8399999999,True
1360515,68781.33,68781.33000000013,True
1450751,108722.02,108722.02000000008,True
1171113,409401.5,409401.49999999994,True
1149970,85886.24,85886.24000000005,True
1426441,60792.0,60792.00000000006,True
1096714,336653.38,336653.38,True
1284147,137429.1,137429.1000000001,True
1012004,44746.82,44746.82000000012,True
1161670,56888.55,56888.550000000105,True
1228580,869600.8,869600.7999999998,True
1275368,58228.55,58228.550000000105,True
1434889,101342.93,101342.93000000011,True
1270301,37180.92,37180.9200000001,True
1461964,31552.72,31552.720000000147,True
1261016,163276.3,163276.3000000001,True
1053528,321448.24,321448.24,True
1262393,79749.76,79749.76000000013,True
1368595,69533.17,69533.1700000001,True
1126678,152436.6,152436.6000000001,True
1238955,121062.1,121062.1000000001,True
1016340,61405.08,61405.08000000013,True
1361628,242430.35,242430.3500000001,True
1415496,65338.5,65338.50000000012,True
1332402,613747.12,613747.1199999999,True
1383463,35910.84,35910.84000000014,True
1222270,547885.94,547885.94,True
1423304,790214.0,790213.9999999998,True
1486967,129491.83,129491.83000000007,True
1310970,93278.22,93278.22000000015,True
1093364,12212.06,12212.060000000114,True
1324843,137053.75,137053.75000000003,True
1336314,137558.2,137558.20000000013,True
1421956,148751.68,148751.68000000002,True
1093040,139292.9,139292.90000000008,True
1309072,79410.12,79410.12000000011,True
1042882,12191.76,12191.760000000184,True
1362711,38822.94,38822.94000000012,True
1155219,537713.26,537713.26,True
1017707,126450.8,126450.80000000005,True
1088610,38235.56,38235.560000000114,True
1159696,692133.9,692133.8999999999,True
1063417,567078.47,567078.47,True
1353020,114536.7,114536.70000000013,True
1166576,6370.6,6370.600000000151,True
1129061,16569.62,16569.62000000017,True
1170781,37436.64,37436.64000000013,True
1428651,226050.48,226050.48000000004,True
1198772,309286.0,309286.0,True
1284982,157354.08,157354.08000000013,True
1050867,198882.98,198882.98000000013,True
1426518,165248.16,165248.16000000006,True
1116278,523163.52,523163.52,True
1107359,11884.2,11884.200000000128,True
1373402,52310.83,52310.83000000013,True
1430487,212296.41,212296.41000000003,True
1497171,30045.21,30045.210000000196,True
1492779,31752.63,31752.63000000018,True
1390520,167071.75,167071.75000000003,True
1376621,422667.46,422667.4600000001,True
1311343,91923.12,91923.12000000005,True
1060984,288783.63,288783.63,True
1351744,9349.15,9349.15000000014,True
1231732,691940.0,691939.9999999998,True
1461549,355592.5,355592.5,True
1372576,122509.79,122509.79000000004,True
1012604,124700.25,124700.25000000006,True
1159193,1996.88,1996.8800000001793,True
1193368,16820.24,16820.240000000165,True
1059058,93138.76,93138.76000000007,True
1358001,663275.24,663275.2399999999,True
1127204,10333.91,10333.91000000009,True
1010086,263207.86,263207.86000000004,True
1371384,12973.06,12973.060000000172,True
1015412,68462.64,68462.64000000013,True
1380756,35069.5,35069.500000000175,True
1290340,173055.88,173055.88000000006,True
1476248,172659.6,172659.60000000006,True
1015753,36735.24,36735.24000000011,True
1066824,246806.28,246806.28000000006,True
1491889,339194.77,339194.77,True
1187654,104810.86,104810.8600000001,True
1290159,58662.9,58662.90000000008,True
1437141,152413.12,152413.12000000002,True
1027538,99300.2,99300.20000000013,True
1366538,31214.26,31214.260000000068,True
1135939,438995.65,438995.64999999997,True
1042964,201075.31,201075.31000000006,True
1165445,80349.57,80349.57000000012,True
1080623,151043.52,151043.5200000001,True
1372047,1081940.31,1081940.3099999998,True
1248070,678709.71,678709.7099999997,True
1020101,132643.55,132643.55000000005,True
1067080,62894.16,62894.16000000009,True
1230972,359039.1,359039.0999999999,True
1134341,51923.43,51923.43000000017,True
1244106,41155.29,41155.290000000095,True
1083520,15783.27,15783.270000000135,True
1096345,24159.51,24159.510000000184,True
1329641,1160537.12,1160537.1199999999,True
1051448,93616.48,93616.48000000004,True
1134365,127119.6,127119.60000000012,True
1144629,543246.72,543246.72,True
1335919,499062.08,499062.07999999996,True
1368500,26004.05,26004.050000000105,True
1061460,123611.02,123611.02000000008,True
1310141,397736.2,397736.19999999995,True
1081814,21579.63,21579.63000000018,True
1253269,392529.15,392529.14999999997,True
1339637,519541.42,519541.4199999999,True
1356902,17010.39,17010.39000000019,True
1349749,505456.08,505456.07999999996,True
1030308,725261.76,725261.7599999999,True
1355915,46188.66,46188.66000000009,True
1064634,282712.32,282712.32,True
1029602,92450.54,92450.5400000001,True
1246626,730910.92,730910.9199999999,True
1002414,167565.72,167565.72000000003,True
1160536,355903.0,355903.0,True
1387733,60540.27,60540.27000000019,True
1066209,851412.87,851412.8699999999,True
1499656,47781.55,47781.550000000105,True
1282162,321950.21,321950.21,True
1107062,27990.89,27990.890000000072,True
1446395,1050854.04,1050854.0399999998,True
1077015,54961.4,54961.40000000014,True
1257484,40125.3,40125.300000000105,True
1319208,221188.31,221188.31000000006,True
1245417,135970.24,135970.24000000005,True
1028178,1060649.6,1060649.5999999999,True
1070474,400893.48,400893.4799999999,True
1097732,70762.6,70762.60000000015,True
1049725,111207.25,111207.25000000006,True
1146186,11676.98,11676.98000000004,True
1092227,45408.0,45408.00000000006,True
1274731,11046.84,11046.840000000142,True
1077806,766350.13,766350.1299999999,True
1299653,11400.06,11400.060000000114,True
1174940,147347.46,147347.46000000008,True
1131879,198933.84,198933.84000000003,True
1087027,97413.28,97413.28000000009,True
1259857,78120.77,78120.77000000008,True
1082079,43324.4,43324.40000000008,True
1400774,194447.8,194447.80000000008,True
1303281,36036.35,36036.35000000009,True
1457337,120536.0,120536.00000000009,True
1102445,184883.6,184883.60000000003,True
1145339,89248.5,89248.50000000006,True
1326871,518381.94,518381.93999999994,True
1163393,46499.67,46499.6700000001,True
1006100,53528.05,53528.050000000105,True
1143794,69411.56,69411.56000000006,True
1076320,65190.84,65190.84000000014,True
1406276,484325.72,484325.72,True
1389260,22997.2,22997.200000000128,True
1148957,575656.68,575656.6799999999,True
1323745,235581.12,235581.12000000005,True
1455486,342722.82,342722.82000000007,True
1380428,185946.28,185946.28000000003,True
1227305,116120.6,116120.6000000001,True
1146235,125333.4,125333.40000000008,True
1148362,96015.2,96015.20000000013,True
1457364,370588.24,370588.24000000005,True
1305643,78828.26,78828.26000000007,True
1498490,230297.14,230297.1400000001,True
1328636,57900.64,57900.64000000013,True
1434824,659942.04,659942.0399999999,True
1083278,114598.44,114598.44,True
1401383,34610.32,34610.32000000012,True
1463096,468631.96,468631.96,True
1352622,91705.2,91705.20000000013,True
1036693,38067.4,38067.40000000008,True
1166852,43250.4,43250.4000000002,True
1013376,34046.4,34046.4000000002,True
1137451,856607.8,856607.7999999998,True
1440649,183872.52,183872.52000000008,True
1197964,285511.26,285511.26,True
1218968,131109.0,131109.0000000001,True
1051265,62704.72,62704.72000000015,True
1082945,817024.45,817024.4499999997,True
1199533,64058.28,64058.280000000086,True
1430359,5948.95,5948.950000000186,True
1292787,314952.2,314952.2,True
1456852,11775.02,11775.020000000193,True
1040571,124720.56,124720.56000000006,True
1259430,203390.95,203390.95000000004,True
1124181,370560.87,370560.87000000005,True
1100370,290405.4,290405.4000000001,True
1384871,109168.02,109168.02000000014,True
1261015,191357.2,191357.20000000007,True
1138598,21068.88,21068.88000000018,True
1324947,267912.93,267912.93000000005,True
1439942,693299.04,693299.0399999998,True
1162404,120254.4,120254.40000000002,True
1134618,74461.41,74461.41000000009,True
1059887,3079.53,3079.5300000002026,True
1404154,654858.18,654858.1799999999,True
1412060,33799.44,33799.44000000012,True
1445692,871466.38,871466.3799999999,True
1108375,102790.5,102790.50000000012,True
1342246,107158.38,107158.38000000006,True
1231717,178130.6,178130.60000000003,True
1374593,134507.25,134507.25000000006,True
1125301,134205.12,134205.12000000005,True
1358034,457355.08,457355.08,True
1166897,251661.06,251661.06,True
1358916,2517.96,2517.9600000001374,True
1221031,196170.3,196170.30000000005,True
1318496,93013.9,93013.90000000002,True
1162092,38980.02,38980.02000000019,True
1304218,42029.68,42029.68000000011,True
1025032,42282.24,42282.24000000005,True
1046713,93672.5,93672.50000000006,True
1291877,161476.28,161476.28000000006,True
1252429,45650.04,45650.04000000021,True
1134642,41771.16,41771.16000000009,True
1052810,524734.79,524734.79,True
1228908,136307.36,136307.36000000004,True
1154363,731396.76,731396.7599999998,True
1413377,52895.37,52895.37000000011,True
1100763,61913.17,61913.17000000004,True
1111254,223085.76,223085.76000000007,True
1263896,94503.72,94503.72000000015,True
1082109,419058.2,419058.19999999995,True
1364684,302797.04,302797.04,True
1157889,16536.52,16536.520000000193,True
1375718,100785.51,100785.51000000007,True
1182446,39622.66,39622.66000000009,True
1017690,158307.82,158307.82000000007,True
1395152,63663.4,63663.40000000014,True
1046429,491123.94,491123.93999999994,True
1011422,5378.32,5378.320000000123,True
1020710,48915.75,48915.75000000006,True
1134106,232302.4,232302.40000000002,True
1095830,33180.54,33180.540000000095,True
1392941,419462.0,419462.0,True
1012314,139842.04,139842.0400000001,True
1437188,629297.68,629297.6799999999,True
1022252,4911.4,4911.400000000198,True
1007359,266481.31,266481.31000000006,True
1310676,122452.5,122452.50000000012,True
1288265,360196.0,360195.99999999994,True
1115775,881640.24,881640.2399999998,True
1151575,491729.81,491729.80999999994,True
1005868,79071.3,79071.3000000001,True
1205391,421866.37,421866.36999999994,True
1384985,61590.78,61590.780000000086,True
1390724,236847.16,236847.1600000001,True
1247688,361429.95,361429.94999999995,True
1123629,544283.46,544283.46,True
1375865,846850.5,846850.4999999998,True
1220532,310869.78,310869.78,True
1035358,332463.9,332463.9,True
1190774,171806.55,171806.55000000005,True
1072706,44158.7,44158.70000000013,True
1444167,98886.0,98886.00000000006,True
1327537,187134.88,187134.88000000006,True
1150529,594970.74,594970.7399999999,True
1218351,38665.12,38665.12000000005,True
1400196,67817.52,67817.52000000014,True
1307510,1167.62,1167.62000000017,True
1132487,282255.89,282255.89,True
1306490,138110.21,138110.21000000008,True
1053318,6520.32,6520.320000000123,True
1270484,761153.64,761153.6399999999,True
1324828,161902.8,161902.80000000005,True
1070585,73068.3,73068.3000000001,True
1123795,629278.92,629278.9199999999,True
1036391,349405.96,349405.95999999996,True
1213112,28379.8,28379.800000000105,True
1080400,226387.77,226387.77000000002,True
1256557,118133.73,118133.73000000004,True
1461342,262031.68,262031.68000000008,True
1423788,233189.06,233189.06000000008,True
1412949,65592.78,65592.78000000009,True
1236826,7858.6,7858.600000000151,True
1266537,270609.63,270609.63000000006,True
1205361,42419.5,42419.50000000012,True
1364076,528772.66,528772.66,True
1346031,24517.77,24517.770000000193,True
1151749,59324.65,59324.65000000014,True
1347280,167249.96,167249.96000000002,True
1223684,156095.28,156095.28000000006,True
1126108,353309.04,353309.04000000004,True
1389713,57798.81,57798.810000000114,True
1176633,326088.3,326088.29999999993,True
1055029,68995.35,68995.35000000015,True
1384284,48374.55,48374.550000000105,True
1098890,81761.28,81761.28000000003,True
1093013,240944.8,240944.80000000002,True
1026780,154321.2,154321.20000000013,True
1164577,58205.3,58205.300000000105,True
1442886,10828.1,10828.100000000151,True
1384893,5640.3,5640.300000000105,True
1026419,302044.8,302044.8,True
1207698,606657.66,606657.6599999999,True
1395222,208409.67,208409.6700000001,True
1036168,104185.2,104185.20000000013,True
1325320,679327.8,679327.7999999999,True
1235969,14580.24,14580.240000000165,True
1018955,23028.6,23028.60000000015,True
1143778,219686.72,219686.72000000003,True
1331020,120349.6,120349.60000000006,True
1451679,308556.3,308556.30000000005,True
1202644,8893.3,8893.300000000105,True
1105341,470284.4,470284.39999999997,True
1482103,410791.8,410791.79999999993,True
1135555,6475.24,6475.240000000165,True
1102155,210629.8,210629.8,True
1211457,1156994.72,1156994.7199999997,True
1083929,170697.45,170697.45000000004,True
1081161,118253.8,118253.8000000001,True
1299556,35771.76,35771.760000000126,True
1051894,200695.68,200695.68000000005,True
1140603,3725.25,3725.2500000001746,True
1030273,703933.2,703933.2,True
1246231,11955.78,11955.780000000203,True
1342991,34690.96,34690.96000000014,True
1393929,139726.38,139726.3800000001,True
1458816,142948.08,142948.08000000002,True
1362701,69053.94,69053.94000000012,True
1087086,161767.68,161767.68000000005,True
1171095,64201.54,64201.540000000095,True
1366807,105227.01,105227.01000000007,True
1387752,552628.94,552628.94,True
1239094,14475.25,14475.250000000175,True
1460196,345150.66,345150.6599999999,True
1033051,56607.39,56607.39000000013,True
1147496,443021.63,443021.63,True
1051166,37168.35,37168.35000000015,True
1161069,200612.07,200612.07,True
1373609,778.81,778.8100000001141,True
1132665,413331.36,413331.36,True
1027803,82418.52,82418.52000000008,True
1187988,149657.69,149657.69000000006,True
1391383,325216.32,325216.32000000007,True
1225463,115284.0,115284.00000000006,True
1316304,252498.36,252498.36000000002,True
1228183,41291.2,41291.20000000013,True
1373872,692337.57,692337.5699999998,True
1206989,229816.89,229816.89000000007,True
1143657,204544.49,204544.49000000002,True
1363606,443081.29,443081.2899999999,True
1015770,7256.28,7256.280000000203,True
1408999,36629.06,36629.060000000114,True
1359707,4031.42,4031.4200000001,True
1168827,73371.74,73371.74000000005,True
1174039,46578.73,46578.73000000004,True
1316765,343434.12,343434.12,True
1495750,177735.34,177735.34000000003,True
1121068,435332.94,435332.94,True
1078555,77146.0,77146.00000000006,True
1293655,103174.74,103174.74000000005,True
1325764,776012.94,776012.9399999997,True
1132756,49267.86,49267.8600000001,True
1015730,160341.44,160341.44000000006,True
1169751,20331.0,20331.00000000006,True
1056543,178643.88,178643.88000000006,True
1274990,204552.18,204552.18000000005,True
1452265,39818.32,39818.32000000018,True
1213197,24773.14,24773.14000000013,True
1241041,126967.05,126967.05000000005,True
1219830,737610.45,737610.45,True
1399276,15142.23,15142.230000000098,True
1195886,92488.0,92488.00000000006,True
1270639,123020.1,123020.1000000001,True
1311089,40787.68,40787.68000000011,True
1161255,68988.81,68988.81000000011,True
1138824,28511.49,28511.490000000165,True
1020081,22817.1,22817.10000000015,True
1161470,7872.1,7872.100000000151,True
1252102,299257.14,299257.14,True
1130661,25026.28,25026.280000000086,True
1497111,402081.85,402081.8499999999,True
1219756,61379.1,61379.10000000009,True
1359450,203971.78,203971.78000000003,True
1010981,11855.1,11855.100000000035,True
1434694,45288.38,45288.38000000018,True
1156557,21962.76,21962.760000000184,True
1211898,35572.8,35572.800000000105,True
1483705,400514.1,400514.0999999999,True
1172403,106477.0,106477.00000000012,True
1083909,521245.05,521245.04999999993,True
1019419,543358.67,543358.6699999999,True
1294895,203742.98,203742.98000000004,True
1138031,3726.49,3726.4900000001653,True
1273212,29812.56,29812.560000000114,True
1345660,11179.12,11179.12000000017,True
1304632,55142.78,55142.780000000086,True
1360064,81510.73,81510.7300000001,True
1335635,120088.4,120088.40000000005,True
1006870,152154.2,152154.20000000007,True
1123902,155678.09,155678.09000000005,True
1462072,202277.6,202277.60000000003,True
1240721,119974.93,119974.93000000005,True
1230335,278204.16,278204.16000000003,True
1476318,87168.69,87168.69000000012,True
1388308,286170.52,286170.52,True
1298787,111658.12,111658.12000000017,True
1188145,32922.09,32922.09000000014,True
1141214,467913.68,467913.67999999993,True
1016374,49524.3,49524.300000000105,True
1493338,248544.91,248544.91000000003,True
1290721,28913.5,28913.500000000116,True
1101540,454167.45,454167.44999999995,True
1311792,116575.8,116575.80000000005,True
1375986,311675.28,311675.2800000001,True
1352877,438963.12,438963.12,True
1164938,129259.9,129259.90000000011,True
1063350,46336.4,46336.40000000008,True
1477060,169957.48,169957.48000000004,True
1309198,584642.4,584642.3999999999,True
1016855,400233.04,400233.04000000004,True
1061108,5411.16,5411.160000000091,True
1326595,622465.01,622465.0099999999,True
1116159,263216.88,263216.88,True
1350579,549946.12,549946.1199999999,True
1016892,732480.9,732480.8999999999,True
1263578,97219.71,97219.71000000014,True
1366334,42328.92,42328.9200000001,True
1496710,76132.4,76132.40000000002,True
1357811,93467.02,93467.02000000008,True
1389359,884807.0,884806.9999999998,True
1305104,102029.52,102029.52000000008,True
1180024,561426.0,561426.0,True
1457778,54555.39,54555.39000000013,True
1194012,41401.01,41401.010000000126,True
1322473,125138.88,125138.88000000006,True
1075296,29300.1,29300.10000000015,True
1453836,5742.8,5742.800000000105,True
1002083,8088.9,8088.900000000198,True
1380832,100140.32,100140.32000000012,True
1063508,281562.74,281562.74,True
1024207,146194.08,146194.08000000002,True
1458610,14211.24,14211.240000000165,True
1047227,35784.51,35784.510000000184,True
1201740,152752.5,152752.5,True
1466502,59687.76,59687.76000000007,True
1295031,51810.3,51810.300000000105,True
1352110,17127.48,17127.480000000156,True
1438233,136524.88,136524.88000000006,True
1312870,452277.71,452277.70999999996,True
1424549,42465.45,42465.45000000013,True
1250571,1028598.49,1028598.4899999998,True
1133257,96550.92,96550.9200000001,True
1016436,184006.13,184006.13000000006,True
1092846,49469.95,49469.95000000013,True
1093368,61916.82,61916.82000000012,True
1348294,64292.31,64292.310000000114,True
1476653,89854.08,89854.08000000013,True
1062894,115725.06,115725.06000000006,True
1380319,77575.8,77575.80000000005,True
1038194,29244.84,29244.840000000142,True
1347711,73758.0,73758.00000000006,True
1358045,11042.62,11042.62000000017,True
1461965,14860.72,14860.720000000088,True
1312648,34121.8,34121.800000000105,True
1257854,442638.45,442638.44999999995,True
1068233,21939.36,21939.360000000044,True
1406737,165744.48,165744.48000000004,True
1064574,70920.16,70920.16000000009,True
1399150,140235.3,140235.30000000005,True
1158743,763835.34,763835.3399999999,True
1120635,28843.49,28843.49000000005,True
1243785,499528.64,499528.63999999996,True
1187206,277703.72,277703.72,True
1190965,260751.92,260751.9200000001,True
1460353,499840.2,499840.19999999995,True
1006722,122028.48,122028.4800000001,True
1419596,186065.92,186065.92000000004,True
1364268,79590.74,79590.7400000001,True
1477982,427765.26,427765.26,True
1130997,51418.25,51418.250000000175,True
1092589,159031.43,159031.4300000001,True
1334442,204884.82,204884.82000000012,True
1359516,57296.48,57296.480000000156,True
1416273,256505.87,256505.87000000005,True
1265977,50424.45,50424.45000000013,True
1122087,9681.81,9681.810000000114,True
1227301,1311718.24,1311718.2399999995,True
1297224,10980.9,10980.90000000014,True
1452829,207917.75,207917.7500000001,True
1232285,274111.76,274111.76,True
1013817,96000.1,96000.10000000015,True
1008877,82475.2,82475.20000000013,True
1152260,80015.16,80015.16000000009,True
1274947,57823.92,57823.9200000001,True
1119442,768613.1,768613.0999999999,True
1409923,238682.04,238682.0400000001,True
1236037,27906.32,27906.32000000018,True
1057890,28612.44,28612.44000000012,True
1142453,229544.0,229544.00000000003,True
1490067,259951.86,259951.86,True
1043986,121266.9,121266.90000000002,True
1288847,212956.0,212956.0,True
1480157,158840.76,158840.76000000007,True
1027705,241498.14,241498.1400000001,True
1369572,140725.97,140725.97000000012,True
1309092,138496.82,138496.8200000001,True
1183809,51646.91,51646.91000000015,True
1367206,99969.98,99969.98000000004,True
1340958,225159.04,225159.04000000004,True
1168966,103209.0,103209.00000000006,True
1377982,16053.76,16053.760000000126,True
1484765,711285.0,711284.9999999998,True
1217642,319069.12,319069.12,True
1295899,14999.04,14999.040000000095,True
1039323,365942.4,365942.39999999997,True
1444106,516493.29,516493.2899999999,True
1180216,32727.6,32727.60000000015,True
1172968,420879.48,420879.48,True
1221929,205853.7,205853.70000000004,True
1363717,104624.04,104624.0400000001,True
1213051,1288215.05,1288215.0499999996,True
1108055,113084.4,113084.40000000008,True
1282676,85313.34,85313.34000000014,True
1441131,407944.98,407944.98,True
1046699,28781.34,28781.340000000142,True
1290236,277772.46,277772.4600000001,True
1287440,240768.94,240768.94,True
1233798,401255.76,401255.76,True
1108898,133937.7,133937.70000000007,True
1047605,425356.86,425356.86,True
1153986,481597.62,481597.6199999999,True
1184771,30120.75,30120.75000000006,True
1309045,30074.24,30074.240000000165,True
1245820,56170.4,56170.40000000008,True
1299251,269023.14,269023.14,True
1274347,374869.04,374869.0399999999,True
1129756,9355.22,9355.220000000147,True
1411348,176624.9,176624.90000000002,True
1261990,26583.81,26583.810000000114,True
1236539,58610.16,58610.16000000009,True
1048601,8922.56,8922.560000000114,True
1449734,172151.32,172151.32000000012,True
1013335,33904.6,33904.600000000035,True
1410662,969993.2,969993.1999999997,True
1404756,231851.85,231851.8500000001,True
1330550,22655.49,22655.490000000165,True
1236431,3913.68,3913.680000000226,True
1002219,79241.4,79241.40000000008,True
1387578,475878.5,475878.49999999994,True
1165263,294910.9,294910.9,True
1119422,245487.96,245487.96000000002,True
1047900,386014.86,386014.86,True
1001403,10176.76,10176.760000000126,True
1189855,46673.64,46673.64000000007,True
1224974,150884.76,150884.76000000007,True
1256172,406624.24,406624.24,True
1140368,51301.26,51301.260000000184,True
1485440,310781.91,310781.91,True
1497446,80802.0,80802.00000000012,True
1378958,83390.3,83390.3000000001,True
1391733,473581.16,473581.1599999999,True
1262934,58035.67,58035.6700000001,True
1263667,6412.46,6412.460000000137,True
1060522,217162.97,217162.97000000006,True
1088595,11240.19,11240.190000000119,True
1201501,95100.87,95100.87000000005,True
1044056,732013.92,732013.9199999999,True
1309756,64858.2,64858.20000000007,True
1170112,869215.84,869215.8399999999,True
1238834,17944.5,17944.500000000116,True
1229271,60115.5,60115.50000000006,True
1316463,52364.42,52364.4200000001,True
1417852,225817.09,225817.09000000005,True
1112659,25006.77,25006.770000000193,True
1296949,219933.92,219933.92000000004,True
1250848,208604.13,208604.13000000006,True
1301648,609889.28,609889.2799999999,True
1137281,5675.58,5675.580000000133,True
1162149,396224.1,396224.1,True
1153257,9033.2,9033.200000000128,True
1129981,20424.24,20424.240000000165,True
1308620,5494.69,5494.690000000235,True
1053338,149968.9,149968.90000000014,True
1138938,83250.6,83250.6000000001,True
1267262,273158.35,273158.35000000003,True
1488727,56919.66,56919.66000000009,True
1362103,64576.38,64576.38000000018,True
1170027,10180.2,10180.200000000128,True
1268168,141565.41,141565.4100000001,True
1367019,12828.06,12828.060000000114,True
1270715,920630.94,920630.9399999997,True
1243904,93690.96,93690.96000000008,True
1032601,131824.66,131824.66000000006,True
1352262,187035.2,187035.20000000007,True
1182162,1012100.32,1012100.3199999996,True
1324237,94693.8,94693.80000000005,True
1469059,361630.84,361630.84,True
1466494,51468.62,51468.62000000011,True
1035425,36605.55,36605.550000000105,True
1370802,751928.76,751928.76,True
1157393,1025592.64,1025592.6399999997,True
1312360,177415.84,177415.84000000003,True
1365554,213513.0,213513.00000000003,True
1012815,777682.89,777682.8899999999,True
1445400,80429.0,80429.00000000006,True
1490722,338372.5,338372.5,True
1497324,338354.7,338354.7,True
1361399,1212568.53,1212568.5299999998,True
1239333,38929.8,38929.800000000105,True
1163048,58438.77,58438.77000000008,True
1033972,36927.26,36927.260000000184,True
1441991,108745.0,108745.00000000006,True
1119505,41804.0,41804.00000000006,True
1189738,24432.32,24432.320000000123,True
1003090,323753.4,323753.4000000001,True
1250475,212321.16,212321.16000000003,True
1365108,142117.56,142117.56000000006,True
1154585,30239.6,30239.600000000093,True
1020996,172333.44,172333.44,True
1064357,106420.52,106420.52000000008,True
1001156,363434.5,363434.5,True
1459926,73637.01,73637.01000000007,True
1294111,1130223.09,1130223.0899999999,True
1101225,45434.1,45434.10000000009,True
1285222,4012.28,4012.2800000002026,True
1427038,195128.24,195128.24000000008,True
1002048,131848.97,131848.97000000006,True
1105826,59772.0,59772.00000000012,True
1440298,29343.25,29343.250000000116,True
1133321,18478.66,18478.66000000009,True
1453673,294806.25,294806.25,True
1082494,138189.94,138189.94000000006,True
1097841,15801.42,15801.4200000001,True
1183549,727316.1,727316.0999999999,True
1214540,82256.04,82256.0400000001,True
1139318,161451.99,161451.9900000001,True
1398683,36865.96,36865.96000000014,True
1479480,14541.0,14541.000000000175,True
1305496,153582.56,153582.5600000001,True
1078835,68911.27,68911.27000000014,True
1487949,212312.65,212312.65000000005,True
1403790,277996.8,277996.80000000005,True
1386421,648328.69,648328.6899999997,True
1073151,588699.8,588699.8,True
1230504,15405.33,15405.330000000133,True
1281002,604324.02,604324.0199999999,True
1187437,327667.86,327667.86,True
1082926,61095.0,61095.00000000012,True
1278925,220428.34,220428.34000000003,True
1402610,26850.04,26850.040000000095,True
1130468,137573.04,137573.0400000001,True
1109563,23813.51,23813.510000000126,True
1438729,37551.92,37551.9200000001,True
1115596,180145.1,180145.10000000006,True
1290055,15186.6,15186.600000000151,True
1031971,873382.51,873382.5099999998,True
1183522,470347.2,470347.2,True
1304146,25662.24,25662.24000000005,True
1302068,64370.0,64370.00000000006,True
1253652,358359.84,358359.84,True
1245371,227754.18,227754.18000000002,True
1291644,40461.78,40461.780000000086,True
1319660,34077.93,34077.930000000226,True
1012530,152079.2,152079.20000000013,True
1435081,29065.01,29065.010000000184,True
1226892,61642.69,61642.69000000012,True
1284655,331803.96,331803.96,True
1360998,15545.56,15545.560000000114,True
1410284,335389.68,335389.68000000005,True
1162943,129474.9,129474.90000000002,True
1125886,67917.3,67917.3000000001,True
1126897,96451.74,96451.74000000005,True
1392188,59979.06,59979.060000000114,True
1431299,442693.81,442693.81,True
1147979,210532.41,210532.41000000003,True
1354843,44524.56,44524.560000000114,True
1052861,39711.2,39711.200000000244,True
1225993,61401.62,61401.62000000011,True
1421137,895387.5,895387.4999999998,True
1295929,703971.45,703971.4499999997,True
1275322,102274.11,102274.1100000001,True
1407870,81503.1,81503.10000000015,True
1471834,18485.29,18485.290000000095,True
1422560,284196.48,284196.48000000004,True
1210137,245395.26,245395.26000000007,True
1081039,893732.82,893732.8199999998,True
1425626,359033.28,359033.28,True
1495372,85117.3,85117.30000000016,True
1291535,70333.76,70333.76000000007,True
1464987,897921.6,897921.5999999996,True
1061976,544442.72,544442.7199999999,True
1177222,55671.0,55671.00000000012,True
1160580,37497.28,37497.280000000086,True
1411378,247070.78,247070.78000000003,True
1123181,17271.04,17271.040000000095,True
1483622,177474.57,177474.57000000012,True
1013138,71596.47,71596.47000000015,True
1283696,86536.0,86536.00000000012,True
1367724,85356.31,85356.31000000011,True
1394894,80556.48,80556.48000000004,True
1260304,500224.76,500224.7599999999,True
1324287,1180571.6,1180571.5999999999,True
1467873,27669.15,27669.150000000198,True
1080045,35984.7,35984.70000000013,True
1362604,222289.68,222289.68000000002,True
1099224,554146.56,554146.56,True
1093290,22924.75,22924.750000000175,True
1153432,186717.75,186717.75000000006,True
1034509,8594.19,8594.190000000119,True
1153454,37593.28,37593.280000000086,True
1381278,7438.67,7438.6700000002165,True
1474308,550004.95,550004.9499999998,True
1111353,653005.99,653005.99,True
1273512,63179.04,63179.04000000004,True
1124994,4441.5,4441.500000000175,True
1172205,166991.36,166991.36000000004,True
1326988,26571.18,26571.18000000011,True
1431573,67848.15,67848.15000000008,True
1237782,62520.85,62520.850000000035,True
1409501,107033.02,107033.02000000008,True
1417501,257114.2,257114.2,True
1050548,109387.94,109387.94000000012,True
1476305,156269.7,156269.70000000007,True
1402424,109994.04,109994.0400000001,True
1332770,160931.4,160931.40000000008,True
1478086,3091.86,3091.8600000001607,True
1088924,227575.44,227575.44000000006,True
1142247,75273.03,75273.03000000009,True
1192788,139890.4,139890.40000000002,True
1332530,298235.97,298235.97,True
1346121,324492.48,324492.48,True
1492485,843935.38,843935.3799999998,True
1090155,150236.94,150236.94000000006,True
1141013,232380.96,232380.96000000002,True
1198337,155039.92,155039.9200000001,True
1443048,151234.0,151234.00000000006,True
1054171,134084.95,134084.95000000013,True
1366187,115979.75,115979.75000000012,True
1014176,91324.09,91324.09000000014,True
1142963,156837.02,156837.02000000005,True
1479159,149752.4,149752.40000000002,True
1475203,307649.16,307649.16,True
1312978,229265.8,229265.8,True
1249513,33018.44,33018.44000000012,True
1395378,170853.2,170853.20000000007,True
1147319,607322.17,607322.1699999999,True
1175050,57178.4,57178.40000000014,True
1236914,138054.57,138054.57000000012,True
1292524,52386.18,52386.18000000011,True
1362589,146551.56,146551.5600000001,True
1116141,272402.13,272402.13000000006,True
1133380,94577.04,94577.0400000001,True
1101984,507384.81,507384.80999999994,True
1315576,609817.45,609817.4499999998,True
1379472,214042.28,214042.2800000001,True
1216118,494323.96,494323.95999999996,True
1055886,7960.23,7960.230000000156,True
1463718,76201.65,76201.65000000008,True
1470777,54562.35,54562.35000000009,True
1254018,47997.24,47997.24000000005,True
1171948,562999.29,562999.29,True
1362153,713954.5,713954.4999999999,True
1164926,34298.18,34298.18000000011,True
1181637,69435.85,69435.85000000015,True
1425065,408478.34,408478.34,True
1058378,11942.84,11942.8400000002,True
1054610,23128.1,23128.10000000015,True
1301581,805130.28,805130.2799999998,True
1380155,256236.8,256236.80000000002,True
1149138,253456.92,253456.92000000004,True
1418899,1085892.85,1085892.8499999999,True
1106458,208766.95,208766.95000000007,True
1008123,170272.7,170272.70000000004,True
1351768,224827.0,224827.00000000006,True
1269704,135498.48,135498.4800000001,True
1425207,172282.0,172282.00000000012,True
1378053,283589.24,283589.24,True
1133419,1214349.38,1214349.3799999997,True
1173769,24148.64,24148.64000000013,True
1391035,6053.9,6053.900000000198,True
1229238,35478.73,35478.730000000156,True
1317671,7643.35,7643.350000000151,True
1417485,187460.64,187460.64000000007,True
1221913,253106.01,253106.01,True
1352168,747266.82,747266.8199999998,True
1105780,89927.0,89927.00000000017,True
1111450,424286.55,424286.54999999993,True
1066801,202365.8,202365.8,True
1431517,7557.1,7557.100000000151,True
1453734,340619.94,340619.93999999994,True
1004609,810964.44,810964.4399999998,True
1329401,128676.93,128676.93000000011,True
1298251,9340.32,9340.320000000123,True
1230181,191210.63,191210.63000000006,True
1076446,14763.76,14763.760000000184,True
1457367,19411.26,19411.260000000184,True
1245071,489918.44,489918.43999999994,True
1119201,109678.5,109678.50000000006,True
1052601,28140.4,28140.400000000198,True
1069056,1096827.84,1096827.8399999999,True
1472094,57106.57,57106.57000000001,True
1301514,133558.63,133558.63000000006,True
1363870,95755.06,95755.06000000011,True
1401657,625875.96,625875.9599999998,True
1428116,133197.54,133197.5400000001,True
1156636,93072.83,93072.83000000013,True
1136896,17217.62,17217.62000000011,True
1393104,228080.16,228080.16000000006,True
1284744,36761.96,36761.96000000014,True
1093391,122716.99,122716.99000000008,True
1073390,598872.96,598872.9599999998,True
1469977,218616.75,218616.75,True
1051490,50800.46,50800.46000000014,True
1487899,23896.56,23896.560000000172,True
1021391,361709.18,361709.18,True
1236085,34663.74,34663.74000000011,True
1192623,408973.92,408973.9199999999,True
1448733,91868.49,91868.4900000001,True
1219836,90548.32,90548.32000000007,True
1051663,95466.0,95466.00000000006,True
1046938,260873.98,260873.98,True
1039430,252221.4,252221.40000000002,True
1247350,758317.0,758316.9999999998,True
1034812,90191.3,90191.3000000001,True
1245707,267077.79,267077.79,True
1185549,165673.2,165673.2000000001,True
1010562,827132.25,827132.2499999999,True
1358162,132556.92,132556.92000000007,True
1380992,32762.45,32762.450000000128,True
1386006,766277.72,766277.7199999997,True
1268560,176193.46,176193.46000000005,True
1332894,374043.16,374043.16000000003,True
1283848,652951.26,652951.26,True
1364788,6342.12,6342.120000000112,True
1163689,45695.02,45695.02000000008,True
1137242,146865.6,146865.60000000006,True
1093968,991140.54,991140.5399999998,True
1177768,158367.93,158367.93000000005,True
1477495,574555.29,574555.29,True
1415007,38873.94,38873.94000000012,True
1298366,192011.4,192011.40000000002,True
1429165,2947.76,2947.760000000184,True
1120113,91923.9,91923.90000000008,True
1021576,42749.88,42749.88000000012,True
1387690,356169.6,356169.6,True
1431221,225773.28,225773.28000000003,True
1029397,31893.68,31893.68000000011,True
1020279,829647.84,829647.8399999999,True
1019702,45683.4,45683.40000000008,True
1283091,563895.27,563895.2699999999,True
1355483,61058.4,61058.40000000008,True
1022832,695034.57,695034.5699999998,True
1061997,2133.39,2133.3900000001886,True
1232009,45311.58,45311.58000000019,True
1078227,364157.04,364157.04000000004,True
1382077,590841.68,590841.6799999999,True
1444689,261927.12,261927.12,True
1477543,190329.72,190329.7200000001,True
1295143,56074.0,56074.00000000012,True
1175546,224629.47,224629.4700000001,True
1443536,55336.25,55336.25000000012,True
1343300,53498.2,53498.20000000013,True
1280760,299795.46,299795.46,True
1466153,751340.08,751340.0799999998,True
1421400,1171112.85,1171112.8499999999,True
1433769,153399.92,153399.92000000004,True
1234201,68479.46,68479.46000000014,True
1030812,23358.9,23358.900000000198,True
1410520,97899.5,97899.50000000006,True
1497701,139932.78,139932.78000000003,True
1125103,28577.55,28577.550000000105,True
1071184,469087.85,469087.85,True
1079073,192575.46,192575.46000000002,True
1132079,129268.74,129268.74000000014,True
1064222,64598.32,64598.32000000012,True
1017738,39670.88,39670.88000000018,True
1013171,266333.08,266333.0800000001,True
1107204,1978.79,1978.7900000000955,True
1265419,2488.92,2488.9200000001,True
1293159,237783.66,237783.66000000003,True
1492758,20187.14,20187.14000000019,True
1341695,423772.2,423772.2,True
1331131,639219.36,639219.3599999999,True
1376441,18874.08,18874.080000000133,True
1126885,74073.72,74073.72000000015,True
1272281,134003.58,134003.5800000001,True
1006959,126968.1,126968.1000000001,True
1433885,487197.9,487197.9,True
1350170,33180.66,33180.66000000009,True
1275538,58836.0,58836.00000000006,True
1277925,18552.8,18552.800000000105,True
1023058,39237.45,39237.45000000013,True
1162321,100030.56,100030.56000000006,True
1126095,111670.5,111670.50000000006,True
1124981,285968.1,285968.1,True
1222480,95534.72,95534.72000000015,True
1107846,788064.92,788064.9199999999,True
1341702,890507.52,890507.5199999998,True
1129853,7032.14,7032.140000000189,True
1342047,115645.42,115645.42000000007,True
1276990,5592.87,5592.870000000054,True
1015966,196222.14,196222.14000000007,True
1171842,49828.5,49828.50000000012,True
1160830,49687.0,49687.00000000006,True
1009259,157882.24,157882.24000000005,True
1129596,311219.43,311219.43,True
1422618,35492.85,35492.850000000035,True
1048617,70221.56,70221.56000000011,True
1441586,45064.04,45064.040000000095,True
1182626,44521.5,44521.500000000175,True
1243071,46730.88,46730.88000000006,True
1074045,22236.0,22236.000000000175,True
1266918,27356.68,27356.68000000011,True
1335896,995955.39,995955.3899999997,True
1377448,217793.24,217793.24,True
1020963,670192.38,670192.3799999999,True
1013731,9046.8,9046.800000000105,True
1101136,717960.61,717960.6099999999,True
1313478,115909.04,115909.04000000004,True
1126027,48538.89,48538.89000000019,True
1396783,42135.72,42135.72000000015,True
1461325,131284.64,131284.64000000007,True
1293431,5441.89,5441.890000000189,True
1387061,153578.88,153578.88000000006,True
1212668,3128.56,3128.5600000002305,True
1429177,915239.52,915239.5199999998,True
1332223,309688.92,309688.92000000004,True
1128066,112556.95,112556.95000000007,True
1017153,18459.9,18459.90000000008,True
1212134,36472.8,36472.800000000105,True
1378847,78418.17,78418.1700000001,True
1109280,248473.44,248473.4400000001,True
1401304,328519.08,328519.08,True
1254065,44453.4,44453.40000000008,True
1466934,465813.26,465813.25999999995,True
1042656,155432.7,155432.70000000004,True
1100611,69602.96,69602.96000000014,True
1378592,155782.08,155782.08000000007,True
1363146,420990.48,420990.48,True
1350751,12901.45,12901.450000000128,True
1408591,40954.21,40954.21000000014,True
1150247,237558.25,237558.25000000006,True
1112454,34556.2,34556.20000000013,True
1365673,9536.61,9536.61000000016,True
1110660,70113.68,70113.68000000011,True
1196594,706726.93,706726.9299999999,True
1255936,19246.38,19246.380000000063,True
1414350,176377.6,176377.6000000001,True
1200312,747212.16,747212.1599999999,True
1493100,284061.89,284061.89,True
1286592,974324.4,974324.3999999997,True
1284406,149347.39,149347.39000000013,True
1301292,9545.56,9545.560000000114,True
1449872,25755.6,25755.60000000015,True
1487632,16516.24,16516.24000000005,True
1368194,52813.35,52813.350000000035,True
1349111,50931.3,50931.300000000105,True
1321336,1098465.99,1098465.9899999998,True
1168021,75323.88,75323.88000000006,True
1198242,610218.06,610218.0599999999,True
1104744,1191294.3,1191294.2999999998,True
1379074,320182.77,320182.7700000001,True
1439997,616264.74,616264.7399999999,True
1088506,27303.4,27303.40000000008,True
1446281,246892.37,246892.37,True
1298589,311106.6,311106.6,True
1444841,57235.6,57235.600000000035,True
1027250,9339.8,9339.800000000105,True
1019732,391048.68,391048.67999999993,True
1282095,18704.48,18704.48000000004,True
1473462,47176.36,47176.360000000044,True
1228529,35354.66,35354.66000000009,True
1305571,268635.15,268635.15,True
1071891,249411.36,249411.36,True
1327748,662670.45,662670.45,True
1193445,81555.12,81555.12000000011,True
1499572,348819.3,348819.3,True
1089840,10133.19,10133.190000000235,True
1390538,4336.97,4336.970000000147,True
1393343,34708.08,34708.08000000013,True
1384133,179947.44,179947.44000000006,True
1275989,4443.54,4443.5400000000955,True
1275869,36826.92,36826.9200000001,True
1326127,177875.84,177875.84000000005,True
1227107,21177.92,21177.9200000001,True
1382850,78330.33,78330.33000000013,True
1090190,93175.46,93175.46000000014,True
1165184,103800.2,103800.20000000013,True
1095417,20714.16,20714.16000000009,True
1382992,36976.1,36976.10000000009,True
1263626,1045405.57,1045405.5699999996,True
1221041,77689.92,77689.9200000001,True
1425243,216873.25,216873.2500000001,True
1344644,408501.72,408501.72,True
1258754,746241.9,746241.8999999999,True
1396515,127844.74,127844.74000000005,True
1100235,647229.0,647228.9999999999,True
1183844,31395.9,31395.900000000198,True
1212695,78813.89,78813.89000000007,True
1309165,138734.4,138734.40000000008,True
1367426,175816.68,175816.68000000008,True
1302839,489294.41,489294.4099999999,True
1422660,137126.55,137126.55000000005,True
1338344,32500.95,32500.950000000128,True
1351190,125962.43,125962.43000000005,True
1276898,28087.3,28087.300000000105,True
1332061,670280.8,670280.8,True
1194402,147649.06,147649.0600000001,True
1050167,107263.26,107263.26000000013,True
1366589,73954.9,73954.90000000008,True
1045728,272593.92,272593.92000000004,True
1098358,8130.48,8130.48000000004,True
1280451,83320.95,83320.95000000007,True
1358754,232246.08,232246.08,True
1099428,69486.6,69486.60000000015,True
1149146,289815.48,289815.48,True
1099199,912485.26,912485.2599999998,True
1434464,113997.4,113997.40000000008,True
1297723,708566.85,708566.8499999999,True
1301972,121217.5,121217.50000000006,True
1376425,23801.55,23801.550000000105,True
1135710,161628.6,161628.6000000001,True
1291160,215215.92,215215.9200000001,True
1378684,702943.48,702943.4799999999,True
1276959,297396.3,297396.3,True
1297313,13461.28,13461.280000000203,True
1330704,97901.7,97901.70000000007,True
1052177,102210.55,102210.55000000005,True
1222405,58294.5,58294.500000000175,True
1314603,155841.42,155841.4200000001,True
1491119,61600.0,61600.00000000012,True
1286325,218023.11,218023.11000000004,True
1043145,1026052.68,1026052.6799999997,True
1385697,6205.54,6205.540000000154,True
1088738,348901.35,348901.35,True
1467351,210979.89,210979.89000000007,True
1288521,460514.73,460514.72999999986,True
1474805,670614.11,670614.1099999999,True
1475168,39501.32,39501.32000000012,True
1179055,19929.36,19929.36000000016,True
1495747,248478.09,248478.09000000003,True
1471663,62534.29,62534.290000000095,True
1422727,112514.82,112514.82000000012,True
1041787,391645.29,391645.29,True
1202483,12419.96,12419.960000000254,True
1045983,371683.46,371683.45999999996,True
1281576,114809.64,114809.64000000007,True
1459716,689265.45,689265.45,True
1491594,450824.52,450824.51999999996,True
1392162,208958.22,208958.22000000003,True
1052347,181437.6,181437.60000000006,True
1397361,593601.75,593601.7499999999,True
1443575,116245.32,116245.32000000012,True
1152151,113200.71,113200.71000000014,True
1339818,801.21,801.2100000001374,True
1012500,102490.44,102490.44000000012,True
1349735,75382.92,75382.9200000001,True
1370795,38857.62,38857.62000000017,True
1314718,36872.7,36872.70000000013,True
1218539,24372.6,24372.600000000093,True
1022546,26186.8,26186.800000000105,True
1139385,101934.0,101934.00000000006,True
1366031,205373.52,205373.52000000002,True
1460431,408666.72,408666.72,True
1452863,293032.44,293032.44000000006,True
1068151,45117.08,45117.08000000013,True
1062531,191393.73,191393.73000000004,True
1349477,364719.98,364719.98,True
1108605,224903.38,224903.38000000006,True
1316705,137126.04,137126.04000000012,True
1261872,144282.56,144282.56000000006,True
1453577,108127.62,108127.62000000005,True
1275271,221976.18,221976.18000000005,True
1497687,432261.6,432261.6,True
1105501,46970.28,46970.280000000086,True
1179000,21740.34,21740.340000000142,True
1080853,110821.2,110821.20000000001,True
1326135,1232581.35,1232581.3499999999,True
1133708,17479.0,17479.000000000175,True
1330217,916594.4,916594.3999999997,True
1249854,603692.44,603692.44,True
1243084,4131.89,4131.890000000189,True
1274500,163304.32,163304.32000000007,True
1113061,248504.37,248504.37,True
1024248,143297.7,143297.70000000007,True
1265320,681542.34,681542.3399999999,True
1436794,190559.5,190559.50000000003,True
1326875,26066.9,26066.90000000014,True
1469872,787190.49,787190.4899999999,True
1400976,77203.56,77203.56000000006,True
1496442,578761.54,578761.5399999999,True
1020802,4617.25,4617.250000000175,True
1236672,29661.75,29661.75000000006,True
1413102,24076.71,24076.710000000137,True
1490226,200444.31,200444.31000000003,True
1322877,54761.25,54761.25000000012,True
1451113,561814.27,561814.27,True
1465940,192648.25,192648.25000000003,True
1482949,327215.32,327215.32,True
1488544,194747.28,194747.2800000001,True
1417496,571738.5,571738.5,True
1230686,353621.26,353621.26,True
1109669,379888.92,379888.92,True
1487655,201066.69,201066.69000000006,True
1371531,214471.09,214471.09000000005,True
1156059,450533.88,450533.87999999995,True
1468962,614616.08,614616.0799999998,True
1274118,110736.99,110736.99000000005,True
1401282,135202.2,135202.20000000007,True
1301209,298681.2,298681.2,True
1013968,165891.78,165891.78000000003,True
1489802,13417.1,13417.100000000151,True
1320434,23507.9,23507.900000000198,True
1069187,80469.27,80469.27000000008,True
1303302,76600.9,76600.90000000008,True
1377809,69774.76,69774.76000000018,True
1082891,14848.32,14848.320000000182,True
1164239,68290.4,68290.40000000008,True
1376432,36525.72,36525.72000000015,True
1426303,282791.4,282791.4,True
1492123,177913.72,177913.72000000006,True
1493044,29854.26,29854.260000000126,True
1138049,87213.12,87213.12000000005,True
1152392,184146.05,184146.05000000005,True
1471655,1142097.84,1142097.8399999999,True
1018176,374561.68,374561.67999999993,True
1430772,56197.83,56197.83000000025,True
1169698,3514.83,3514.8300000001327,True
1041186,381223.92,381223.9199999999,True
1485974,81640.89,81640.89000000007,True
1339832,108550.05,108550.0500000001,True
1264988,27288.96,27288.960000000137,True
1000119,566882.55,566882.5499999999,True
1171201,279519.12,279519.12000000005,True
1174955,548473.94,548473.9399999998,True
1346678,43435.28,43435.280000000086,True
1034045,11143.66,11143.660000000207,True
1068350,8621.92,8621.9200000001,True
1002717,392824.95,392824.95,True
1351608,223809.46,223809.46000000005,True
1463654,1000595.22,1000595.2199999997,True
1274626,174188.2,174188.20000000007,True
1297764,328093.92,328093.92,True
1231125,11967.41,11967.41000000009,True
1297995,278451.2,278451.20000000007,True
1261710,110127.92,110127.9200000001,True
1090213,31063.62,31063.62000000017,True
1131738,828217.85,828217.8499999999,True
1048886,226586.8,226586.80000000002,True
1426854,2364.79,2364.790000000212,True
1059474,8922.44,8922.440000000235,True
1463510,123950.2,123950.20000000007,True
1238155,34786.32,34786.32000000012,True
1360885,932338.06,932338.0599999998,True
1373759,374939.25,374939.25,True
1440185,39819.12,39819.12000000017,True
1151529,180557.0,180557.00000000006,True
1080645,156878.4,156878.40000000002,True
1064194,53565.48,53565.480000000156,True
1404842,266493.98,266493.98,True
1016886,46300.72,46300.72000000015,True
1134741,3460.32,3460.3200000001816,True
1388047,66871.62,66871.62000000011,True
1350949,226483.4,226483.40000000002,True
1010006,56751.84,56751.84000000014,True
1403239,449008.53,449008.53,True
1127285,15369.39,15369.390000000189,True
1196397,95367.8,95367.8000000001,True
1290225,592374.18,592374.18,True
1102089,24971.96,24971.960000000196,True
1130343,121727.2,121727.20000000007,True
1212573,410523.84,410523.83999999997,True
1022029,131649.0,131649.00000000006,True
1124986,514629.15,514629.14999999997,True
1358328,20459.33,20459.33000000019,True
1188269,198077.88,198077.88000000003,True
1389171,44975.04,44975.040000000095,True
1206840,8907.66,8907.660000000149,True
1102549,43489.8,43489.80000000016,True
1134190,310242.27,310242.27,True
1291588,26355.3,26355.300000000105,True
1096544,80813.2,80813.20000000013,True
1355319,321566.52,321566.5200000001,True
1063004,27794.58,27794.580000000133,True
1134840,739127.52,739127.52,True
1041816,218870.52,218870.52000000002,True
1494640,826281.9,826281.8999999999,True
1042891,51598.2,51598.20000000013,True
1392175,86624.56,86624.56000000011,True
1287434,73282.51,73282.51000000007,True
1020274,247872.24,247872.24000000005,True
1158888,96335.55,96335.5500000001,True
1096658,24116.19,24116.19000000012,True
1488050,499256.82,499256.81999999995,True
1071164,85348.26,85348.26000000007,True
1396558,323753.1,323753.1,True
1071946,101787.84,101787.84000000014,True
1070765,370913.58,370913.58,True
1048954,32820.2,32820.200000000186,True
1377989,403605.6,403605.6,True
1315159,84118.68,84118.68000000011,True
1395711,141276.33,141276.33000000002,True
1269429,57674.52,57674.52000000008,True
1085646,112907.2,112907.20000000013,True
1031406,80759.69,80759.69000000012,True
1141579,65808.18,65808.18000000011,True
1370117,378136.99,378136.98999999993,True
1289942,81186.6,81186.60000000015,True
1209763,12455.94,12455.940000000119,True
1398401,223792.8,223792.80000000005,True
1247311,68772.99,68772.99000000017,True
1354521,31905.12,31905.120000000054,True
1457547,9168.9,9168.900000000198,True
1346872,12526.56,12526.560000000114,True
1030682,272773.57,272773.57,True
1393200,19262.67,19262.670000000217,True
1418866,82622.88,82622.88000000006,True
1472166,155863.08,155863.08000000002,True
1166012,95485.59,95485.59000000014,True
1299360,229012.28,229012.28000000003,True
1194860,161505.96,161505.96000000005,True
1301328,184362.42,184362.42000000007,True
1298465,711365.49,711365.4899999998,True
1221917,43958.23,43958.230000000156,True
1410873,119649.6,119649.6000000001,True
1452272,339172.68,339172.67999999993,True
1273993,15951.8,15951.800000000105,True
1334039,122642.4,122642.40000000011,True
1356197,491921.64,491921.63999999996,True
1214753,241769.61,241769.61000000004,True
1016287,260149.82,260149.82000000007,True
1337265,85237.15,85237.15000000002,True
1278356,19981.86,19981.86000000016,True
1056150,401453.28,401453.27999999997,True
1399222,330673.98,330673.98,True
1186016,53225.04,53225.040000000095,True
1004210,673143.98,673143.9799999997,True
1285689,242382.75,242382.75000000006,True
1132000,645540.24,645540.2399999999,True
1495502,158657.79,158657.79000000004,True
1235300,8313.06,8313.060000000114,True
1133827,10658.79,10658.790000000095,True
1274411,57378.12,57378.12000000011,True
1411808,137746.54,137746.5400000001,True
1170002,230787.18,230787.18000000005,True
1065950,35624.43,35624.43000000017,True
1374464,102910.25,102910.25000000006,True
1196200,367107.81,367107.80999999994,True
1420922,49305.56,49305.560000000114,True
1420513,14495.84,14495.840000000142,True
1062519,999307.96,999307.9599999997,True
1412387,76148.46,76148.46000000014,True
1418700,112851.83,112851.83000000013,True
1310744,37957.14,37957.14000000013,True
1203177,700082.51,700082.5099999998,True
1465487,1015331.1,1015331.0999999996,True
1249386,28612.56,28612.560000000114,True
1106323,327679.2,327679.2,True
1403015,412077.96,412077.96,True
1374426,136380.16,136380.1600000001,True
1208718,62257.44,62257.44000000012,True
1466374,139053.03,139053.0300000001,True
1357357,45055.2,45055.20000000013,True
1335746,124123.32,124123.32000000012,True
1247789,431236.28,431236.28,True
1141790,385888.86,385888.86,True
1283202,23614.14,23614.14000000019,True
1064471,526955.31,526955.31,True
1067518,176386.5,176386.50000000006,True
1456383,151195.41,151195.41000000003,True
1477506,34966.28,34966.280000000086,True
1203694,291292.8,291292.80000000005,True
1236455,104050.3,104050.3000000001,True
1163953,5245.64,5245.640000000189,True
1388403,777187.44,777187.4399999998,True
1493245,112962.0,112962.00000000012,True
1150583,32401.44,32401.44000000012,True
1366191,105002.37,105002.37000000017,True
1385993,175872.36,175872.36000000007,True
1266810,79496.55,79496.5500000001,True
1237671,117924.22,117924.22000000009,True
1398752,290675.35,290675.35,True
1225117,15379.6,15379.600000000093,True
1203495,222203.8,222203.80000000005,True
1223471,308071.62,308071.62000000005,True
1123632,101882.3,101882.3000000001,True
1063860,766499.4,766499.3999999999,True
1464061,115513.32,115513.32000000012,True
1205326,661641.19,661641.19,True
1004577,263580.02,263580.0200000001,True
1282934,49210.07,49210.070000000065,True
1076894,215169.83,215169.83000000005,True
1283331,39149.64,39149.64000000019,True
1064320,288375.78,288375.7800000001,True
1003396,183742.54,183742.54000000007,True
1437775,110331.43,110331.43000000011,True
1212160,34863.0,34863.000000000175,True
1342091,50946.84,50946.84000000014,True
1478903,28507.6,28507.60000000015,True
1461513,275650.21,275650.2100000001,True
1009666,32599.26,32599.260000000068,True
1492772,333482.45,333482.45,True
1004053,179119.98,179119.9800000001,True
1113566,233397.08,233397.08000000007,True
1049246,553878.05,553878.05,True
1034169,10626.48,10626.480000000156,True
1438610,251206.0,251206.00000000006,True
1274963,1047317.04,1047317.0399999998,True
1390103,110805.84,110805.84000000014,True
1034686,43850.22,43850.22000000015,True
1356483,32737.44,32737.440000000235,True
1231293,11243.16,11243.16000000009,True
1065231,840936.6,840936.5999999999,True
1349358,417510.66,417510.6599999999,True
1054241,503103.87,503103.8699999999,True
1393770,9717.03,9717.030000000203,True
1119559,620378.2,620378.2,True
1093811,209126.54,209126.54000000007,True
1416283,577787.04,577787.0399999999,True
1241184,10872.64,10872.640000000189,True
1351002,11369.76,11369.760000000126,True
1284427,332241.9,332241.9000000001,True
1113820,37057.02,37057.02000000019,True
1315247,96353.79,96353.7900000001,True
1061267,13433.38,13433.38000000018,True
1072830,557738.72,557738.72,True
1436489,29570.52,29570.520000000193,True
1059310,259275.06,259275.06000000006,True
1246237,63224.88,63224.88000000012,True
1466067,132877.8,132877.8000000001,True
1297467,61114.6,61114.60000000009,True
1486225,95344.34,95344.34000000014,True
1308422,727857.55,727857.55,True
1303146,47441.97,47441.97000000015,True
1327263,399408.08,399408.08,True
1075099,179011.2,179011.20000000013,True
1271954,1151650.89,1151650.8899999997,True
1081449,526853.25,526853.2499999999,True
1280713,51333.52,51333.52000000008,True
1274417,18407.1,18407.10000000015,True
1050526,10137.42,10137.4200000001,True
1348413,162718.38,162718.38000000012,True
1165677,300890.46,300890.45999999996,True
1383568,208653.9,208653.90000000002,True
1182250,1405528.8,1405528.7999999998,True
1311289,358639.92,358639.92000000004,True
1371738,26952.84,26952.8400000002,True
1214373,333887.4,333887.4,True
1220730,312719.18,312719.18,True
1125129,16682.68,16682.68000000011,True
1285430,1374643.2,1374643.1999999995,True
1379526,542607.0,542606.9999999999,True
1228853,30652.47,30652.470000000263,True
1350375,203153.27,203153.27000000008,True
1052953,821190.1,821190.0999999999,True
1051583,188918.0,188918.00000000006,True
1477321,861062.01,861062.0099999998,True
1314994,276306.36,276306.36,True
1001788,157012.16,157012.16000000003,True
1265531,102933.72,102933.72000000015,True
1174652,444914.03,444914.03,True
1405207,25612.0,25612.000000000116,True
1051540,83430.27,83430.27000000014,True
1197662,101701.49,101701.4900000001,True
1122222,627568.0,627567.9999999999,True
1471602,517155.03,517155.02999999997,True
1037078,79132.43,79132.43000000005,True
1136434,108751.94,108751.94000000012,True
1275780,22683.78,22683.780000000086,True
1472577,151178.61,151178.61000000004,True
1419055,511462.6,511462.59999999986,True
1188851,43294.8,43294.800000000105,True
1104484,575875.72,575875.7199999999,True
1244879,24155.7,24155.700000000128,True
1125665,362771.2,362771.19999999995,True
1380935,600693.3,600693.3,True
1009902,47853.2,47853.20000000013,True
1053966,126713.6,126713.6000000001,True
1000256,104939.0,104939.00000000006,True
1047728,162896.22,162896.2200000001,True
1069333,106067.16,106067.16000000003,True
1494386,610081.16,610081.1599999999,True
1163384,61468.19,61468.19000000012,True
1494907,309388.99,309388.99,True
1256136,121903.18,121903.18000000008,True
1261345,428609.07,428609.06999999995,True
1406389,80775.81,80775.81000000011,True
1327881,262265.0,262265.0,True
1392848,118083.42,118083.4200000001,True
1046819,7486.24,7486.240000000165,True
1336067,119473.6,119473.60000000006,True
1086035,36208.41,36208.41000000009,True
1155626,43103.76,43103.76000000007,True
1262690,51273.96,51273.96000000008,True
1296706,8703.39,8703.390000000189,True
1086829,94091.25,94091.25000000006,True
1158197,10947.7,10947.700000000128,True
1416619,38054.08,38054.08000000013,True
1068364,56551.95,56551.95000000013,True
1277746,504586.18,504586.17999999993,True
1032750,562885.95,562885.9499999998,True
1150789,228781.84,228781.84000000003,True
1166564,54765.9,54765.9000000002,True
1381460,511888.0,511887.9999999999,True
1457494,43836.21,43836.21000000014,True
1181024,73638.5,73638.50000000012,True
1366984,115075.72,115075.72000000009,True
1033940,183816.92,183816.92000000007,True
1441534,288090.92,288090.92,True
1285848,358847.2,358847.2,True
1425216,74638.08,74638.08000000007,True
1140158,21153.93,21153.93000000011,True
1389435,622984.56,622984.5599999999,True
1087058,251106.1,251106.10000000003,True
1418562,29251.68,29251.680000000226,True
1253667,36941.76,36941.760000000184,True
1292473,366056.5,366056.5,True
1170844,205817.7,205817.7,True
1346052,191811.95,191811.95000000007,True
1444622,284480.64,284480.64,True
1105057,3653.45,3653.4500000002445,True
1305760,21160.52,21160.520000000193,True
1350102,1360807.6,1360807.5999999999,True
1314431,17406.58,17406.58000000025,True
1022547,62113.77,62113.770000000135,True
1430333,649897.78,649897.7799999998,True
1053786,115374.48,115374.48000000004,True
1425794,101435.6,101435.60000000015,True
1174451,31721.37,31721.370000000054,True
1463711,396940.8,396940.80000000005,True
1146337,32281.7,32281.700000000128,True
1473723,307645.6,307645.6,True
1312791,81483.05,81483.0500000001,True
1027046,87959.04,87959.04000000004,True
1456004,188762.31,188762.3100000001,True
1156122,184953.03,184953.03000000003,True
1141258,366287.52,366287.52,True
1326611,966242.16,966242.1599999997,True
1387746,123091.93,123091.93000000005,True
1279181,45600.03,45600.030000000086,True
1274076,435172.29,435172.29,True
1045295,7061.81,7061.810000000114,True
1402013,180415.56,180415.56000000006,True
1032234,101682.5,101682.50000000006,True
1409793,140642.81,140642.8100000001,True
1352308,137920.83,137920.83000000002,True
1111142,7177.14,7177.140000000189,True
1369263,182375.76,182375.76000000007,True
1494390,71453.97,71453.97000000015,True
1039615,329173.6,329173.60000000003,True
1283585,7264.27,7264.270000000135,True
1256118,107209.34,107209.34000000014,True
1317767,9026.49,9026.490000000107,True
1337125,47821.44,47821.44000000012,True
1379079,202092.3,202092.30000000005,True
1285851,133133.84,133133.84000000008,True
1195785,72851.7,72851.70000000013,True
1477004,594498.68,594498.6799999999,True
1234029,102570.72,102570.72000000003,True
1469237,122456.4,122456.40000000008,True
1139714,46132.52,46132.520000000135,True
1288874,39600.95,39600.95000000013,True
1146171,410467.64,410467.64,True
1040832,556319.28,556319.28,True
1235120,102078.26,102078.26000000007,True
1393909,68872.96,68872.9600000002,True
1041425,108395.64,108395.64000000007,True
1016244,91898.28,91898.28000000009,True
1252232,50370.3,50370.300000000105,True
1285187,258558.24,258558.24000000005,True
1443122,152581.7,152581.70000000007,True
1353567,89987.76,89987.76000000007,True
1373697,509173.56,509173.5599999999,True
1397502,279658.08,279658.08,True
1205506,85778.16,85778.16000000009,True
1075924,40342.12,40342.12000000011,True
1401774,98100.7,98100.70000000013,True
1036419,27839.4,27839.400000000198,True
1220558,286091.25,286091.25000000006,True
1400508,22192.5,22192.50000000006,True
1362089,183642.6,183642.60000000012,True
1484243,41047.51,41047.510000000126,True
1139314,816789.32,816789.3199999998,True
1250710,156444.54,156444.54000000004,True
1135410,8958.3,8958.300000000105,True
1118828,28067.58,28067.580000000133,True
1191019,934839.78,934839.7799999998,True
1237777,130411.71,130411.71000000008,True
1249839,55898.64,55898.64000000013,True
1115342,399900.06,399900.05999999994,True
1038929,13680.8,13680.800000000163,True
1339589,908150.4,908150.3999999999,True
1426538,328720.81,328720.81,True
1367883,1172016.4,1172016.3999999997,True
1162294,21490.8,21490.800000000105,True
1432045,37677.64,37677.64000000013,True
1234842,368248.38,368248.38,True
1275945,223134.71,223134.71000000008,True
1405171,69142.26,69142.26000000013,True
1346583,65712.96,65712.96000000008,True
1078787,378231.48,378231.48,True
1335567,38946.74,38946.740000000165,True
1186713,428482.32,428482.31999999995,True
1471610,111070.2,111070.20000000013,True
1072703,120243.4,120243.40000000008,True
1069260,400000.23,400000.23,True
1417816,121061.76,121061.7600000001,True
1131217,1023539.76,1023539.7599999998,True
1068097,963090.8,963090.7999999998,True
1315311,105334.72,105334.72000000015,True
1255445,213908.94,213908.94000000003,True
1007589,19323.48,19323.480000000156,True
1010180,739937.53,739937.5299999998,True
1360254,309203.84,309203.84,True
1286118,30065.76,30065.760000000184,True
1431914,109940.14,109940.14000000007,True
1417157,103750.26,103750.26000000007,True
1095517,1131918.48,1131918.4799999997,True
1088218,479825.37,479825.36999999994,True
1429481,401558.15,401558.14999999997,True
1248054,101191.68,101191.68000000011,True
1256374,210138.0,210138.0000000001,True
1249414,1074.66,1074.6600000000908,True
1482077,340186.86,340186.86,True
1224856,913631.05,913631.0499999998,True
1356412,59392.56,59392.560000000114,True
1354059,190404.17,190404.17000000007,True
1417600,375539.85,375539.85,True
1143287,204722.96,204722.96000000002,True
1160992,31703.52,31703.520000000193,True
1177900,199359.16,199359.16000000006,True
1052350,300939.58,300939.5800000001,True
1451788,226631.42,226631.42000000004,True
1401041,115094.04,115094.0400000001,True
1231568,47068.8,47068.800000000105,True
1142890,314109.9,314109.9,True
1239478,55271.22,55271.22000000015,True
1477199,180352.2,180352.20000000007,True
1397577,98327.06,98327.06000000011,True
1485103,416370.0,416369.99999999994,True
1279763,146058.45,146058.45000000007,True
1452707,8045.08,8045.080000000133,True
1312243,52068.95,52068.950000000186,True
1371934,480207.2,480207.2,True
1028724,72198.91,72198.91000000009,True
1091042,514731.03,514731.0299999999,True
1082704,49699.5,49699.50000000006,True
1060176,9458.34,9458.340000000258,True
1348774,94355.16,94355.16000000009,True
1488973,34778.55,34778.550000000105,True
1235734,765707.15,765707.1499999999,True
1258141,119126.48,119126.4800000001,True
1420812,39752.56,39752.560000000114,True
1177439,1293971.8,1293971.7999999998,True
1176447,600061.62,600061.6199999999,True
1264378,371618.64,371618.64,True
1179639,80296.02,80296.02000000008,True
1082215,792765.79,792765.7899999998,True
1302353,385962.0,385962.0,True
1271834,328264.2,328264.2,True
1042479,84715.5,84715.50000000012,True
1062181,146268.99,146268.9900000001,True
1382421,23951.7,23951.700000000244,True
1169685,26307.6,26307.600000000035,True
1358800,68921.28,68921.28000000009,True
1049766,251279.28,251279.28000000006,True
1200946,24477.6,24477.600000000093,True
1293414,669027.0,669027.0,True
1059282,99769.6,99769.60000000015,True
1186964,340699.38,340699.38,True
1164240,23617.96,23617.960000000137,True
1009447,80901.62,80901.62000000011,True
1031905,252601.59,252601.59000000008,True
1442410,123635.82,123635.82000000012,True
1202612,604066.68,604066.6799999999,True
1292078,169152.28,169152.2800000001,True
1379633,332272.0,332272.0,True
1028353,14359.84,14359.840000000142,True
1270838,222665.18,222665.18000000002,True
1481182,378535.32,378535.31999999995,True
1374790,22798.62,22798.62000000017,True
1048100,444389.63,444389.62999999995,True
1326659,45991.2,45991.20000000013,True
1454343,14542.0,14542.000000000116,True
1100796,130006.12,130006.12000000008,True
1240535,312802.56,312802.56,True
1449568,332963.4,332963.4,True
1303695,15704.95,15704.950000000128,True
1350928,20727.0,20727.000000000175,True
1269641,101088.4,101088.40000000008,True
1445462,9105.46,9105.460000000137,True
1322504,999422.07,999422.0699999996,True
1457126,89596.21,89596.21000000014,True
1004154,256760.7,256760.7,True
1124120,191654.1,191654.10000000003,True
1267982,63401.38,63401.38000000006,True
1449309,188766.56,188766.56000000003,True
1453458,188072.15,188072.15000000002,True
1238819,102591.2,102591.20000000007,True
1186353,785931.52,785931.5199999998,True
1333950,48672.54,48672.540000000095,True
1094107,344947.2,344947.19999999995,True
1227575,26874.64,26874.64000000013,True
1260099,359206.92,359206.92,True
1050182,127445.75,127445.75000000012,True
1369430,32832.2,32832.20000000013,True
1372818,238827.42,238827.4200000001,True
1203691,614331.04,614331.0399999999,True
1120855,212493.27,212493.27000000008,True
1475015,62858.46,62858.46000000008,True
1363385,8625.24,8625.240000000165,True
1393452,414686.0,414686.0,True
1446938,139146.84,139146.84000000008,True
1340266,14462.23,14462.23000000004,True
1044554,82760.16,82760.16000000009,True
1112671,296492.31,296492.31,True
1176585,198365.04,198365.04000000004,True
1165530,79713.69,79713.69000000006,True
1093237,79817.12,79817.12000000011,True
1168189,270417.12,270417.12000000005,True
1110948,213541.08,213541.08000000007,True
1086270,158765.1,158765.10000000006,True
1112681,163261.97,163261.97000000012,True
1021242,10446.75,10446.750000000175,True
1029907,67112.24,67112.24000000005,True
1291205,36068.06,36068.060000000114,True
1191261,162263.1,162263.10000000006,True
1311471,247949.2,247949.20000000004,True
1262002,5000.68,5000.680000000226,True
1081757,521414.6,521414.5999999999,True
1306627,490474.14,490474.1399999999,True
1175870,92260.2,92260.20000000007,True
1102266,179580.41,179580.4100000001,True
1253792,2951.61,2951.6100000001607,True
1491740,38290.8,38290.80000000005,True
1499945,249960.96,249960.96000000002,True
1186628,28826.2,28826.200000000186,True
1118753,229822.2,229822.2,True
1421518,126881.28,126881.28000000009,True
1071645,79408.0,79408.00000000017,True
1240752,28741.93,28741.93000000011,True
1365447,195484.75,195484.75000000006,True
1342344,21443.94,21443.94000000012,True
1270197,401648.94,401648.93999999994,True
1046187,876050.24,876050.2399999998,True
1148672,99684.36,99684.36000000004,True
1481519,350986.25,350986.25,True
1395275,53901.68,53901.68000000011,True
1499652,32966.32,32966.32000000012,True
1256909,59520.2,59520.20000000013,True
1231465,256194.84,256194.84000000005,True
1001947,467396.16,467396.1599999999,True
1334231,934447.68,934447.6799999997,True
1000979,596902.86,596902.8599999999,True
1229079,71472.48,71472.48000000004,True
1252526,10004.9,10004.900000000198,True
1197898,1040229.42,1040229.4199999997,True
1294822,2312.67,2312.6700000001,True
1483004,149494.52,149494.52000000008,True
1446814,272611.92,272611.92,True
1166740,99485.1,99485.10000000015,True
1254342,201727.68,201727.68000000005,True
1374076,223157.64,223157.6400000001,True
1496220,700930.8,700930.7999999998,True
1346925,343024.8,343024.79999999993,True
1033115,852602.58,852602.5799999998,True
1026295,58938.8,58938.800000000105,True
1241203,767227.06,767227.0599999998,True
1274641,40264.0,40264.000000000175,True
1217972,134647.68,134647.6800000001,True
1429223,446545.0,446544.99999999994,True
1367274,122996.58,122996.58000000013,True
1341187,1253126.25,1253126.2499999998,True
1426309,358249.02,358249.02,True
1419209,411277.02,411277.02,True
1205081,243607.83,243607.83,True
1404557,70254.75,70254.75000000006,True
1173062,401835.18,401835.17999999993,True
1345392,117296.25,117296.25000000006,True
1083822,651153.07,651153.0699999998,True
1107159,512762.4,512762.39999999997,True
1371006,951651.04,951651.0399999998,True
1470294,63877.8,63877.800000000105,True
1029121,232390.62,232390.62000000005,True
1025770,526030.5,526030.4999999999,True
1323217,228430.68,228430.68000000005,True
1461660,57224.44,57224.44000000012,True
1356715,412523.02,412523.02,True
1145570,38566.64,38566.64000000019,True
1485206,150147.45,150147.4500000001,True
1414119,24758.76,24758.760000000126,True
1295510,682802.82,682802.8199999998,True
1370101,215921.82,215921.82000000004,True
1167491,10680.39,10680.39000000013,True
1273447,797421.12,797421.1199999998,True
1150134,122255.36,122255.36000000004,True
1427555,26410.2,26410.200000000128,True
1461808,683526.65,683526.6499999999,True
1117688,619748.36,619748.3599999999,True
1492805,147203.68,147203.68000000005,True
1266170,295612.8,295612.8,True
1004451,220498.08,220498.08000000002,True
1275156,324910.06,324910.06,True
1239000,72794.05,72794.0500000001,True
1456503,46402.29,46402.290000000095,True
1287718,74432.85,74432.85000000015,True
1379772,248138.48,248138.48,True
1364490,246542.94,246542.94000000003,True
1303268,18304.26,18304.260000000184,True
1275018,99988.5,99988.50000000006,True
1323166,169534.86,169534.86000000004,True
1473080,97194.96,97194.96000000014,True
1095077,258753.04,258753.0400000001,True
1316125,46733.68,46733.68000000005,True
1397074,14750.94,14750.940000000119,True
1359814,323528.01,323528.01,True
1272228,116391.35,116391.3500000001,True
1453126,393716.65,393716.64999999997,True
1417696,335622.24,335622.24,True
1230894,6759.9,6759.900000000198,True
1128889,28735.07,28735.070000000123,True
1197441,10035.8,10035.800000000163,True
1259349,333465.6,333465.6,True
1202190,58023.9,58023.90000000008,True
1373684,462870.72,462870.7199999999,True
1254655,19300.2,19300.20000000007,True
1316370,265571.98,265571.98000000004,True
1091006,207092.48,207092.48000000004,True
1413841,76300.35,76300.3500000001,True
1113565,147297.5,147297.50000000006,True
1010117,23502.05,23502.050000000105,True
1186966,20543.8,20543.800000000105,True
1448946,863661.02,863661.0199999998,True
1366856,10772.04,10772.040000000212,True
1369646,216882.58,216882.58000000007,True
1037578,107557.0,107557.00000000006,True
1163740,730385.55,730385.5499999998,True
1148546,357033.6,357033.6,True
1415662,51413.25,51413.250000000175,True
1046807,19232.46,19232.460000000196,True
1123693,49417.86,49417.8600000001,True
1308164,178965.9,178965.90000000008,True
1388783,282129.4,282129.4000000001,True
1104760,258498.0,258498.0,True
1385866,24137.96,24137.960000000137,True
1071363,146624.22,146624.22000000003,True
1310933,25407.25,25407.250000000175,True
1338587,202885.44,202885.44000000006,True
1081595,291610.52,291610.52,True
1156828,913018.01,913018.0099999998,True
1261743,207694.16,207694.16000000003,True
1187727,210283.52,210283.52000000005,True
1208004,563160.15,563160.1499999999,True
1290483,71759.68,71759.68000000011,True
1338293,956360.62,956360.6199999996,True
1000760,176384.52,176384.52000000002,True
1361395,11066.72,11066.72000000003,True
1142322,26941.32,26941.320000000123,True
1005431,103864.22,103864.22000000015,True
1219699,764524.0,764523.9999999998,True
1351180,269637.39,269637.39,True
1035158,405770.24,405770.24,True
1000659,32148.44,32148.440000000177,True
1476038,15508.96,15508.960000000137,True
1011489,275386.63,275386.63000000006,True
1393979,170877.35,170877.3500000001,True
1487973,178592.04,178592.04000000007,True
1053961,11855.7,11855.700000000244,True
1239710,87060.05,87060.05000000005,True
1391901,728313.4,728313.3999999999,True
1462195,634571.25,634571.2499999999,True
1277255,43327.62,43327.62000000005,True
1228937,43084.12,43084.12000000011,True
1281766,101082.7,101082.70000000013,True
1448912,272075.53,272075.53,True
1202383,46734.16,46734.16000000009,True
1206341,83248.74,83248.7400000001,True
1052334,267967.38,267967.38,True
1408445,63220.22,63220.22000000015,True
1001575,77733.72,77733.72000000009,True
1301716,80520.64,80520.64000000013,True
1345997,228494.4,228494.40000000002,True
1157731,791884.44,791884.4399999997,True
1098781,11743.44,11743.440000000119,True
1456602,624852.9,624852.8999999999,True
1289724,14820.75,14820.750000000058,True
1113093,388312.0,388312.00000000006,True
1408012,167089.2,167089.20000000004,True
1242611,89707.23,89707.23000000004,True
1272570,13460.76,13460.760000000184,True
1005797,82408.92,82408.92000000004,True
1057901,11863.67,11863.6700000001,True
1185294,24565.97,24565.970000000147,True
1424052,799398.37,799398.3699999999,True
1402426,115006.0,115006.00000000006,True
1430364,541653.85,541653.8499999999,True
1315028,260738.85,260738.85000000003,True
1433963,922621.0,922620.9999999998,True
1312667,49516.4,49516.40000000008,True
1278300,718856.55,718856.5499999999,True
1368465,75298.08,75298.08000000013,True
1226525,839129.35,839129.3499999999,True
1058270,776321.52,776321.52,True
1459192,146191.68,146191.68000000005,True
1048050,128508.94,128508.94000000003,True
1061498,799988.76,799988.76,True
1121987,520094.4,520094.39999999997,True
1247022,572715.9,572715.9,True
1239480,12687.16,12687.16000000009,True
1301430,411897.33,411897.32999999996,True
1492068,946198.08,946198.0799999996,True
1438307,289698.1,289698.1,True
1270767,347744.84,347744.83999999997,True
1260062,47638.08,47638.08000000013,True
1280169,103202.08,103202.08000000013,True
1252239,422771.7,422771.7,True
1093157,438069.94,438069.93999999994,True
1210863,32808.0,32808.000000000175,True
1210292,164756.24,164756.2400000001,True
1099042,55066.64,55066.64000000019,True
1210126,44288.4,44288.40000000008,True
1289800,837743.34,837743.3399999999,True
1499915,648010.96,648010.9599999997,True
1279443,109733.04,109733.0400000001,True
1335149,30163.32,30163.320000000123,True
1316131,228238.5,228238.50000000006,True
1244712,267600.63,267600.63000000006,True
1319044,11440.9,11440.900000000198,True
1082715,121568.2,121568.20000000007,True
1253660,42613.62,42613.62000000017,True
1288145,494051.32,494051.31999999995,True
1447741,225153.54,225153.5400000001,True
1230243,103728.17,103728.16999999998,True
1160203,364394.87,364394.86999999994,True
1459951,207953.07,207953.0700000001,True
1456038,50606.72,50606.72000000015,True
1242452,100090.32,100090.32000000012,True
1350920,10676.1,10676.100000000151,True
1380422,120586.27,120586.27000000008,True
1238630,629603.18,629603.1799999999,True
1177750,174941.76,174941.76000000007,True
1173306,221674.9,221674.90000000002,True
1491371,306001.04,306001.04,True
1263120,623954.72,623954.72,True
1107322,32343.48,32343.480000000098,True
1472480,113417.92,113417.9200000001,True
1407194,601445.97,601445.97,True
1053628,35402.15,35402.15000000008,True
1175895,364325.76,364325.76,True
1359994,172193.58,172193.58000000002,True
1494675,499381.47,499381.47,True
1073503,479675.4,479675.3999999999,True
1052333,286547.66,286547.66000000003,True
1009755,10478.29,10478.290000000154,True
1219775,201140.24,201140.24000000002,True
1252511,120633.62,120633.62000000008,True
1131485,303202.38,303202.38,True
1451598,6217.94,6217.940000000119,True
1065599,9363.85,9363.850000000151,True
1262361,217102.5,217102.50000000003,True
1374628,28185.72,28185.720000000147,True
1454800,516741.12,516741.11999999994,True
1087781,204925.83,204925.83000000002,True
1378759,475622.61,475622.6099999999,True
1272563,296330.5,296330.5,True
1168747,222562.14,222562.1400000001,True
1318268,214665.22,214665.2200000001,True
1260793,467281.39,467281.3899999999,True
1353699,77919.54,77919.54000000015,True
1211817,222089.4,222089.40000000002,True
1340618,228588.22,228588.22000000003,True
1494152,41925.0,41925.000000000175,True
1287420,607562.76,607562.76,True
1318474,62624.87,62624.87000000005,True
1381144,41346.86,41346.860000000044,True
1281401,542071.86,542071.8599999999,True
1271033,23627.52,23627.520000000135,True
1393101,671572.8,671572.7999999998,True
1191836,477386.73,477386.73,True
1289880,130765.67,130765.67000000004,True
1315277,147816.0,147816.00000000006,True
1136220,13944.0,13944.000000000116,True
1486654,114289.2,114289.20000000007,True
1296190,266026.56,266026.56,True
1407784,164501.41,164501.4100000001,True
1296761,250173.0,250173.00000000006,True
1415184,203556.15,203556.15000000002,True
1376767,230326.06,230326.06,True
1451932,24659.6,24659.60000000015,True
1072566,53436.96,53436.96000000014,True
1237343,5303.24,5303.240000000165,True
1063994,16175.58,16175.580000000191,True
1115761,87680.14,87680.14000000013,True
1452738,16569.56,16569.560000000056,True
1144077,15523.2,15523.20000000007,True
1018760,66224.6,66224.60000000015,True
1079483,70705.71,70705.71000000008,True
1456471,79971.57,79971.57000000012,True
1485886,144597.39,144597.39000000007,True
1011902,181926.56,181926.56000000008,True
1488694,120954.01,120954.01000000007,True
1443893,25313.34,25313.340000000142,True
1162085,75118.6,75118.60000000015,True
1285248,70687.26,70687.26000000018,True
1192706,144711.48,144711.48000000004,True
1051286,381609.36,381609.36,True
1264472,113224.98,113224.98000000004,True
1412662,443306.13,443306.12999999995,True
1053190,203881.43,203881.43,True
1214286,47910.51,47910.510000000184,True
1405877,43019.97,43019.97000000026,True
1261900,47509.12,47509.12000000005,True
1320664,139690.07,139690.07000000007,True
1149200,15515.64,15515.64000000013,True
1087035,132133.68,132133.68000000008,True
1104050,31529.76,31529.760000000126,True
1302259,11123.95,11123.950000000244,True
1076520,11116.3,11116.300000000105,True
1200678,209816.6,209816.60000000003,True
1372692,417018.0,417018.0,True
1035622,397402.0,397401.99999999994,True
1324218,129340.9,129340.90000000008,True
1020351,78234.88,78234.88000000012,True
1061174,365442.56,365442.56,True
1469321,572306.35,572306.3499999999,True
1322350,46743.0,46743.000000000175,True
1150612,77051.26,77051.26000000007,True
1152491,62254.68,62254.68000000005,True
1251740,345942.45,345942.44999999995,True
1296475,31243.96,31243.960000000196,True
1218128,9402.36,9402.36000000016,True
1241051,968332.75,968332.7499999998,True
1280828,146290.55,146290.55000000005,True
1445602,30578.08,30578.080000000133,True
1226299,205820.4,205820.40000000002,True
1159015,139563.3,139563.30000000005,True
1078153,65122.4,65122.40000000014,True
1331863,54359.5,54359.500000000175,True
1035493,62740.32,62740.32000000012,True
1481445,156883.1,156883.1000000001,True
1386679,388558.32,388558.31999999995,True
1462116,192670.47,192670.4700000001,True
1316575,6265.19,6265.190000000119,True
1111898,152791.42,152791.4200000001,True
1324458,47843.28,47843.280000000086,True
1297861,1079705.96,1079705.9599999997,True
1460542,322476.0,322476.0,True
1131264,104431.65,104431.65000000008,True
1190160,417237.99,417237.99,True
1184167,439212.0,439211.99999999994,True
1116585,320748.61,320748.61,True
1082583,497194.94,497194.93999999994,True
1492508,221098.24,221098.24000000005,True
1363489,533010.55,533010.55,True
1129246,2492.94,2492.9400000001187,True
1133249,43302.38,43302.38000000012,True
1341635,33338.69,33338.69000000012,True
1426833,924513.58,924513.5799999996,True
1351927,818341.14,818341.1399999999,True
1468735,121544.5,121544.50000000012,True
1059157,43242.44,43242.44000000018,True
1271325,38720.94,38720.940000000235,True
1356060,97615.05,97615.0500000001,True
1175535,101758.02,101758.02000000014,True
1337656,100202.75,100202.75000000006,True
1037668,100245.96,100245.96000000008,True
1253630,43230.0,43230.00000000012,True
1402496,303339.33,303339.33,True
1403872,143298.51,143298.51000000004,True
1457089,328115.92,328115.92,True
1419155,167806.8,167806.80000000008,True
1211888,24382.7,24382.700000000128,True
1096604,319702.5,319702.5,True
1094559,12693.8,12693.800000000105,True
1097413,168228.32,168228.32000000007,True
1131293,545556.2,545556.1999999998,True
1462929,384936.2,384936.19999999995,True
1449172,147499.82,147499.82000000007,True
1423445,534104.85,534104.8499999999,True
1147492,685794.75,685794.75,True
1057353,82369.7,82369.70000000013,True
1498287,75316.5,75316.50000000006,True
1431111,562760.91,562760.9099999999,True
1309228,166975.04,166975.04000000004,True
1477302,64357.08,64357.08000000013,True
1168270,129483.36,129483.36000000007,True
1170630,185573.44,185573.44000000003,True
1293772,22001.2,22001.200000000128,True
1431002,28588.14,28588.14000000019,True
1090956,24287.13,24287.130000000063,True
1053118,578630.58,578630.5799999998,True
1310982,54857.64,54857.64000000007,True
1161643,23781.39,23781.39000000019,True
1249149,72497.35,72497.35000000015,True
1280516,24412.6,24412.600000000035,True
1280144,151912.25,151912.25000000012,True
1327957,9585.24,9585.240000000165,True
1104188,87214.16,87214.16000000009,True
1449536,98517.15,98517.15000000008,True
1115475,22939.15,22939.150000000198,True
1060698,118665.82,118665.82000000007,True
1045221,4859.62,4859.62000000017,True
1266244,240435.62,240435.62000000002,True
1290395,215271.42,215271.42000000004,True
1485922,148986.03,148986.03000000003,True
1245233,186048.24,186048.24000000005,True
1384975,97871.31,97871.31000000011,True
1289320,3620.78,3620.7800000002026,True
1420150,46652.75,46652.75000000006,True
1202867,205926.27,205926.27000000002,True
1457478,111227.04,111227.0400000001,True
1225556,167649.12,167649.12000000005,True
1073584,17620.4,17620.400000000198,True
1381205,74384.69,74384.69000000012,True
1354260,56348.19,56348.19000000012,True
1048811,709995.51,709995.5099999998,True
1436417,103630.4,103630.40000000008,True
1284048,28862.28,28862.280000000086,True
1179366,93103.52,93103.52000000014,True
1374906,95108.52,95108.52000000014,True
1187734,129706.92,129706.9200000001,True
1333482,102835.06,102835.06000000006,True
1467750,382220.24,382220.23999999993,True
1092954,219423.58,219423.58000000002,True
1065992,245968.65,245968.65000000008,True
1364979,4732.63,4732.630000000121,True
1127385,148818.6,148818.60000000015,True
1480116,396836.02,396836.02,True
1479420,427568.85,427568.8499999999,True
1008546,105468.3,105468.29999999999,True
1423575,48428.92,48428.9200000001,True
1174170,946860.65,946860.6499999997,True
1131874,51113.16,51113.16000000009,True
1220423,119166.8,119166.80000000005,True
1492982,607522.16,607522.1599999999,True
1337059,508098.56,508098.55999999994,True
1335589,322310.88,322310.88,True
1095055,174458.34,174458.34000000008,True
1394101,121366.8,121366.80000000005,True
1149816,628698.72,628698.7199999999,True
1442233,47343.87,47343.87000000011,True
1361756,291892.2,291892.19999999995,True
1434791,7134.71,7134.710000000254,True
1038743,5870.96,5870.960000000254,True
1470848,18699.25,18699.250000000116,True
1196716,424557.72,424557.72,True
1237245,184868.91,184868.9100000001,True
1189301,139791.6,139791.60000000006,True
1342323,122107.08,122107.08000000007,True
1417225,858057.51,858057.5099999998,True
1410995,70076.28,70076.28000000009,True
1270945,267656.0,267656.0000000001,True
1258256,260515.2,260515.2,True
1043051,11148.0,11148.000000000175,True
1317593,928535.2,928535.1999999997,True
1192424,17676.5,17676.50000000006,True
1490056,226292.1,226292.10000000003,True
1066128,172878.3,172878.3000000001,True
1278266,776375.44,776375.4399999998,True
1216172,53984.0,53984.000000000175,True
1372057,363251.0,363251.0,True
1404611,4594.42,4594.4200000002165,True
1364267,485065.86,485065.86,True
1384988,966158.24,966158.2399999998,True
1159827,108758.64,108758.64000000007,True
1190204,75966.99,75966.99000000005,True
1190978,55875.4,55875.40000000014,True
1018336,103571.9,103571.90000000008,True
1243389,6437.6,6437.600000000151,True
1088121,268151.25,268151.25000000006,True
1278849,1120626.65,1120626.6499999997,True
1488934,135467.8,135467.80000000008,True
1464047,8919.52,8919.520000000193,True
1239037,4528.74,4528.740000000165,True
1151677,37456.54,37456.540000000095,True
1484937,501401.5,501401.4999999999,True
1034086,860380.29,860380.2899999998,True
1094976,22117.68,22117.68000000011,True
1326573,253871.76,253871.76000000007,True
1218956,72109.75,72109.75000000006,True
1323617,717397.95,717397.9499999997,True
1440561,127519.1,127519.1000000001,True
1260329,918054.34,918054.3399999996,True
1335230,961813.08,961813.0799999996,True
1361005,340896.15,340896.15,True
1295529,17150.1,17150.10000000015,True
1223681,34073.34,34073.34000000014,True
1416970,12567.02,12567.020000000193,True
1195426,87790.71,87790.71000000014,True
1368596,7889.31,7889.310000000114,True
1465037,14128.48,14128.48000000004,True
1412882,294362.53,294362.53,True
1483646,381903.96,381903.96,True
1390635,1230059.52,1230059.5199999998,True
1196926,232928.25,232928.25000000006,True
1095559,22404.44,22404.44000000012,True
1047544,792182.3,792182.2999999998,True
1286062,217966.17,217966.17000000004,True
1286929,44054.08,44054.08000000019,True
1465982,587887.81,587887.8099999999,True
1487206,27470.88,27470.880000000063,True
1308987,88362.09,88362.09000000014,True
1468601,611144.84,611144.8399999999,True
1404054,549398.85,549398.8499999999,True
1171642,144134.67,144134.67000000016,True
1322702,378000.96,378000.95999999996,True
1181818,232391.28,232391.28000000003,True
1101927,822781.5,822781.4999999998,True
1277285,10676.61,10676.61000000016,True
1417626,79159.08,79159.08000000013,True
1414161,44747.12,44747.12000000005,True
1343368,62655.12,62655.12000000017,True
1174065,61914.54,61914.540000000095,True
1439052,183180.24,183180.24000000005,True
1490261,125989.95,125989.95000000007,True
1440659,74665.76,74665.76000000013,True
1443772,1033116.0,1033115.9999999998,True
1059922,71247.26,71247.26000000013,True
1412769,786375.6,786375.5999999999,True
1289110,572022.1,572022.0999999999,True
1139282,46701.0,46701.00000000006,True
1331381,349899.33,349899.3300000001,True
1420615,394373.88,394373.88,True
1043783,51609.95,51609.95000000013,True
1283767,49763.52,49763.52000000008,True
1040029,27409.98,27409.98000000004,True
1140133,212675.68,212675.68000000005,True
1140856,66530.8,66530.80000000005,True
1278090,10935.95,10935.950000000186,True
1191202,129576.72,129576.72000000009,True
1270404,487817.64,487817.63999999996,True
1025590,279131.94,279131.94,True
1136803,49204.8,49204.800000000105,True
1362908,125303.6,125303.60000000006,True
1123461,97736.0,97736.00000000006,True
1091011,33512.72,33512.72000000015,True
1370975,538802.88,538802.8799999999,True
1464849,190517.97,190517.97000000006,True
1375493,944433.71,944433.7099999997,True
1004091,286934.94,286934.94000000006,True
1113575,232657.72,232657.7200000001,True
1295408,141690.81,141690.81000000008,True
1246501,34844.2,34844.200000000244,True
1114723,831641.55,831641.5499999999,True
1258353,227834.46,227834.46000000002,True
1099814,338455.04,338455.04,True
1206135,157319.4,157319.40000000002,True
1139696,228338.76,228338.76,True
1138907,240372.0,240372.0,True
1262922,23967.2,23967.200000000128,True
1385948,566401.92,566401.9199999999,True
1135364,58622.3,58622.300000000105,True
1162701,24110.32,24110.32000000018,True
1156177,491364.06,491364.05999999994,True
1188816,107602.04,107602.04000000004,True
1415879,47932.22,47932.22000000009,True
1102257,55818.0,55818.00000000006,True
1182688,134789.99,134789.9900000001,True
1053185,64776.0,64776.00000000012,True
1379677,127346.78,127346.78000000003,True
1438520,118751.78,118751.78000000006,True
1137256,19424.68,19424.68000000011,True
1444520,56586.65,56586.6500000002,True
1449460,437453.64,437453.64,True
1126366,280575.36,280575.36,True
1095651,663343.9,663343.8999999999,True
1101591,608824.53,608824.5299999999,True
1393215,343468.0,343468.00000000006,True
1259175,408162.4,408162.4,True
1066115,421320.24,421320.24,True
1381519,290111.08,290111.0800000001,True
1496518,345883.2,345883.2,True
1395682,128559.3,128559.3000000001,True
1452465,39113.26,39113.260000000184,True
1193501,121323.4,121323.40000000011,True
1120851,11094.83,11094.830000000191,True
1089235,10740.24,10740.240000000107,True
1441054,227940.72,227940.72000000003,True
1276608,43502.76,43502.760000000126,True
1039279,355180.76,355180.76,True
1449467,1044512.56,1044512.5599999998,True
1147602,815013.15,815013.1499999999,True
1460610,36074.35,36074.35000000015,True
1025400,194917.07,194917.07000000004,True
1242732,95587.32,95587.32000000012,True
1425916,412355.04,412355.0399999999,True
1083850,881548.8,881548.7999999998,True
1183951,912691.2,912691.1999999997,True
1012056,442006.28,442006.27999999997,True
1375715,173058.84,173058.84000000003,True
1013178,100294.04,100294.04000000004,True
1461838,22806.85,22806.85000000015,True
1021814,981851.76,981851.7599999998,True
1051437,808809.3,808809.2999999998,True
1049357,519944.0,519943.99999999994,True
1205502,41831.64,41831.64000000013,True
1234176,806503.05,806503.0499999998,True
1134999,737567.0,737566.9999999998,True
1454597,675597.72,675597.72,True
1257081,230088.88,230088.88,True
1400047,286228.8,286228.8,True
1261638,187287.76,187287.76000000007,True
1269234,12596.28,12596.280000000203,True
1388956,245056.7,245056.70000000013,True
1470685,91582.58,91582.58000000013,True
1251242,703241.6,703241.5999999999,True
1207199,444307.2,444307.19999999995,True
1221683,100091.4,100091.40000000002,True
1360463,34671.6,34671.60000000009,True
1061665,444674.05,444674.04999999993,True
1265326,97199.46,97199.46000000014,True
1339057,10159.18,10159.18000000011,True
1391203,134696.2,134696.20000000013,True
1452037,698921.01,698921.01,True
1347917,81617.92,81617.9200000001,True
1261264,33053.3,33053.300000000105,True
1365723,379091.5,379091.49999999994,True
1148765,143883.0,143883.00000000003,True
1364571,87466.6,87466.60000000015,True
1280740,165525.36,165525.36000000007,True
1276983,35923.69,35923.69000000012,True
1146100,290051.16,290051.16000000003,True
1309081,144777.28,144777.2800000001,True
1328963,19667.2,19667.200000000186,True
1103321,20504.12,20504.120000000054,True
1080779,7547.97,7547.970000000147,True
1268923,960228.27,960228.2699999998,True
1299563,81929.25,81929.25000000006,True
1204962,73019.66,73019.66000000009,True
1399895,309903.0,309903.0,True
1479858,24550.62,24550.62000000017,True
1180525,8592.7,8592.700000000186,True
1383921,175493.28,175493.28000000003,True
1245838,21199.38,21199.38000000012,True
1151666,153157.76,153157.76000000007,True
1434055,33979.72,33979.72000000015,True
1143758,166190.64,166190.64000000013,True
1201876,41617.24,41617.24000000005,True
1115986,36904.88,36904.88000000018,True
1210080,382779.6,382779.6,True
1419267,6698.06,6698.060000000114,True
1088776,26283.75,26283.750000000175,True
1187715,26007.0,26007.000000000175,True
1485519,137812.3,137812.3000000001,True
1045389,25264.26,25264.260000000184,True
1178846,1055440.34,1055440.3399999999,True
1104601,25211.65,25211.65000000014,True
1483839,150991.83,150991.83000000005,True
1090183,7955.06,7955.0600000002305,True
1491855,200757.76,200757.7600000001,True
1010395,22138.2,22138.20000000007,True
1047939,63185.43,63185.43000000011,True
1212433,471254.89,471254.88999999996,True
1066995,35134.44,35134.44000000012,True
1421308,826252.24,826252.2399999998,True
1386652,63826.35,63826.350000000035,True
1038390,30337.84,30337.840000000142,True
1106478,30733.78,30733.780000000086,True
1426741,198113.11,198113.11000000007,True
1118903,66805.7,66805.70000000013,True
1010251,727840.72,727840.72,True
1125354,103711.5,103711.50000000006,True
1126774,105749.28,105749.28000000003,True
1329627,141639.0,141639.0000000001,True
1484849,741868.44,741868.4399999998,True
1277089,871220.24,871220.2399999998,True
1352252,69030.72,69030.72000000009,True
1216621,283703.16,283703.16,True
1325467,339576.17,339576.17,True
1067666,420458.72,420458.7199999999,True
1315604,88615.1,88615.10000000015,True
1058631,248918.98,248918.98000000004,True
1409715,829432.38,829432.3799999999,True
1282276,475353.32,475353.31999999995,True
1266904,104903.14,104903.14000000007,True
1146021,49140.05,49140.050000000105,True
1116427,332308.9,332308.9,True
1060797,388334.52,388334.51999999996,True
1442633,97082.14,97082.14000000007,True
1215888,795465.7,795465.6999999997,True
1036780,233695.43,233695.43000000005,True
1110042,1012544.22,1012544.2199999997,True
1295257,199155.6,199155.6000000001,True
1410724,214659.45,214659.4500000001,True
1358925,42091.35,42091.35000000009,True
1340918,654221.4,654221.3999999999,True
1432337,336880.0,336880.0,True
1288982,229902.25,229902.25000000003,True
1065611,57579.72,57579.72000000015,True
1142045,28389.65,28389.650000000198,True
1204865,53175.76,53175.760000000126,True
1430993,15358.83,15358.830000000191,True
1435619,57134.2,57134.20000000013,True
1402390,17450.08,17450.080000000133,True
1434371,40272.35,40272.35000000009,True
1327036,142221.24,142221.2400000001,True
1266899,57972.09,57972.09000000014,True
1134582,66156.0,66156.00000000006,True
1468873,184827.51,184827.51000000007,True
1261611,365114.05,365114.05,True
1307217,231678.8,231678.80000000005,True
1421117,19553.8,19553.800000000105,True
1318688,65313.6,65313.600000000035,True
1454456,47973.78,47973.780000000086,True
1235341,7540.74,7540.740000000165,True
1064219,10826.49,10826.490000000165,True
1277194,464521.71,464521.70999999996,True
1110437,321545.35,321545.35,True
1317121,61181.6,61181.600000000035,True
1476072,366596.0,366595.99999999994,True
1471466,47024.55,47024.550000000105,True
1449062,198704.5,198704.50000000006,True
1373561,54107.04,54107.040000000095,True
1269261,559235.86,559235.8599999999,True
1086965,167548.26,167548.26000000007,True
1175372,622861.7,622861.7,True
1199935,178758.61,178758.6100000001,True
1301042,828198.06,828198.0599999999,True
1082769,53287.8,53287.800000000105,True
1329725,168014.56,168014.56000000006,True
1419554,61831.44,61831.44000000012,True
1377641,76750.17,76750.1700000001,True
1103708,568800.4,568800.4,True
1314147,343642.1,343642.1,True
1274536,141659.31,141659.31,True
1060311,28933.08,28933.080000000133,True
1370926,143586.76,143586.76000000007,True
1049165,47913.24,47913.24000000011,True
1430176,48565.9,48565.9000000002,True
1320116,30044.4,30044.40000000008,True
1230503,533497.15,533497.1499999999,True
1236630,56031.99,56031.99000000005,True
1047782,68197.14,68197.14000000007,True
1217256,73240.53,73240.53000000009,True
1444537,33233.68,33233.68000000011,True
1253173,64031.11,64031.110000000044,True
1008720,540997.16,540997.16,True
1362265,7908.32,7908.32000000024,True
1430963,371273.76,371273.75999999995,True
1342266,25283.02,25283.020000000077,True
1476055,11906.07,11906.070000000123,True
1233992,99374.33,99374.33000000013,True
1063909,90446.84,90446.84000000014,True
1217476,204626.5,204626.50000000006,True
1490744,367565.82,367565.82,True
1075988,88380.54,88380.5400000001,True
1101955,47752.8,47752.800000000105,True
1116225,1099051.7,1099051.6999999997,True
1386875,55364.4,55364.40000000014,True
1115661,1328888.25,1328888.2499999998,True
1191460,515860.6,515860.5999999999,True
1477271,80525.55,80525.5500000001,True
1135510,179657.36,179657.36000000004,True
1292932,782962.96,782962.9599999997,True
1496028,10570.99,10570.990000000165,True
1452626,197396.32,197396.32000000007,True
1140065,66022.6,66022.60000000015,True
1153922,318829.52,318829.52,True
1150902,266664.42,266664.42,True
1377597,175866.15,175866.15000000002,True
1334501,49554.72,49554.720000000205,True
1098819,107605.75,107605.75000000006,True
1004844,18219.63,18219.630000000063,True
1145722,60902.64,60902.64000000013,True
1081799,669414.59,669414.5899999999,True
1153845,59583.35,59583.35000000015,True
1440311,33533.4,33533.4000000002,True
1077527,654822.92,654822.9199999999,True
1369475,151882.2,151882.20000000007,True
1040866,327806.06,327806.06,True
1057357,43808.48,43808.4800000001,True
1289763,82175.72,82175.72000000015,True
1237260,849635.64,849635.6399999999,True
1424333,70253.82,70253.82000000007,True
1459097,26649.24,26649.240000000165,True
1287786,697552.31,697552.3099999999,True
1238502,116326.56,116326.56000000008,True
1039049,350716.1,350716.1,True
1231596,402300.8,402300.8,True
1047012,352135.8,352135.79999999993,True
1380456,860719.76,860719.7599999998,True
1327734,66738.63,66738.63000000006,True
1437733,189035.15,189035.15000000002,True
1446324,80730.4,80730.40000000008,True
1262536,225765.54,225765.54000000004,True
1057188,32611.22,32611.220000000263,True
1206938,827756.25,827756.2499999998,True
1039602,70061.0,70061.00000000012,True
1113388,30026.7,30026.700000000128,True
1474424,595433.16,595433.1599999999,True
1080010,600729.78,600729.7799999999,True
1453783,7813.1,7813.100000000151,True
1296808,206564.4,206564.40000000002,True
1130538,65759.47,65759.47000000015,True
1308491,106887.2,106887.20000000013,True
1239366,494963.52,494963.51999999996,True
1128341,22013.42,22013.4200000001,True
1438695,281507.64,281507.64,True
1212131,34847.2,34847.20000000013,True
1315657,140179.2,140179.20000000013,True
1487777,8200.08,8200.080000000133,True
1027453,131802.77,131802.77000000002,True
1145403,523008.06,523008.05999999994,True
1418699,363575.44,363575.43999999994,True
1441153,13475.79,13475.790000000095,True
1273668,486587.91,486587.9099999999,True
1328783,21872.68,21872.68000000011,True
1060752,16621.76,16621.760000000184,True
1040282,43933.2,43933.20000000013,True
1230429,50344.74,50344.74000000005,True
1276435,169312.32,169312.32000000012,True
1149744,125185.62,125185.62000000011,True
1434048,58611.08,58611.08000000013,True
1305550,706487.04,706487.0399999998,True
1175304,240586.66,240586.66000000003,True
1242447,215129.88,215129.88000000006,True
1251075,17498.4,17498.400000000198,True
1124627,20926.92,20926.9200000001,True
1025859,411691.78,411691.7800000001,True
1495005,366559.8,366559.8,True
1229331,495943.46,495943.45999999996,True
1389668,170542.47,170542.47000000003,True
1241574,25040.16,25040.160000000207,True
1074967,50026.68,50026.68000000011,True
1026042,164725.92,164725.92000000007,True
1124707,28867.92,28867.9200000001,True
1146409,885299.44,885299.4399999997,True
1431941,49396.96,49396.96000000014,True
1128486,10578.4,10578.400000000198,True
1265040,40155.68,40155.68000000017,True
1498612,517135.43,517135.42999999993,True
1180207,33209.4,33209.4000000002,True
1281411,16860.14,16860.14000000019,True
1351662,223713.93,223713.93,True
1266359,115489.88,115489.88000000012,True
1205686,327738.88,327738.88,True
1361033,212233.42,212233.42000000007,True
1462275,244314.6,244314.6,True
1365712,22304.34,22304.3400000002,True
1476857,244070.64,244070.64000000007,True
1252822,696093.58,696093.5799999998,True
1132921,125862.52,125862.52000000014,True
1033918,667140.75,667140.7499999998,True
1289334,831003.96,831003.9599999997,True
1014078,40683.35,40683.35000000009,True
1400262,21769.3,21769.300000000163,True
1385912,135038.79,135038.79000000004,True
1270189,9400.93,9400.93000000011,True
1005565,272243.52,272243.5200000001,True
1184281,295603.75,295603.75,True
1147873,35203.56,35203.560000000114,True
1186391,19164.58,19164.580000000133,True
1366405,171502.1,171502.10000000003,True
1004436,218484.74,218484.74000000005,True
1040877,653926.5,653926.4999999998,True
1456012,20216.42,20216.4200000001,True
1037330,112176.22,112176.22000000015,True
1184812,5369.66,5369.660000000149,True
1001524,899593.2,899593.1999999997,True
1326514,431096.36,431096.36,True
1114692,913359.04,913359.0399999998,True
1427709,20124.44,20124.44000000012,True
1170960,314111.13,314111.13,True
1130416,71432.28,71432.28000000009,True
1055429,117857.66,117857.66000000009,True
1488632,215882.32,215882.32000000004,True
1238103,26725.3,26725.300000000105,True
1445899,3506.46,3506.4600000001956,True
1343310,164293.74,164293.74000000002,True
1146094,57958.32,57958.32000000012,True
1368993,869313.06,869313.0599999998,True
1494706,322217.17,322217.17,True
1343556,139892.15,139892.15000000008,True
1474893,61753.5,61753.50000000006,True
1087092,192903.66,192903.66000000006,True
1391168,198790.94,198790.94,True
1326276,83183.88,83183.88000000012,True
1170359,17816.25,17816.250000000116,True
1441956,453013.2,453013.19999999995,True
1191325,835277.04,835277.0399999999,True
1199360,339795.84,339795.84,True
1235859,121497.18,121497.18000000005,True
1363815,337917.5,337917.5,True
1120056,374105.97,374105.97,True
1289478,486904.44,486904.44,True
1277419,128272.2,128272.20000000004,True
1053869,38715.75,38715.750000000175,True
1427713,57421.5,57421.500000000175,True
1091910,192294.92,192294.92000000013,True
1191994,922084.8,922084.7999999998,True
1306470,329496.91,329496.91000000003,True
1327055,7845.09,7845.090000000142,True
1365852,9458.2,9458.200000000128,True
1320201,54095.72,54095.720000000205,True
1295634,40900.13,40900.13000000006,True
1212307,483047.38,483047.37999999995,True
1275701,210305.92,210305.92000000004,True
1497806,9465.96,9465.960000000137,True
1488595,564888.06,564888.0599999999,True
1173502,865184.46,865184.4599999997,True
1435265,9621.1,9621.100000000151,True
1051558,8531.25,8531.250000000116,True
1068474,345606.91,345606.9099999999,True
1222516,144151.2,144151.20000000004,True
1059679,434075.76,434075.76,True
1338660,267282.5,267282.50000000006,True
1039299,141162.48,141162.48000000004,True
1080881,330543.18,330543.18,True
1033897,29884.58,29884.580000000133,True
1027513,636460.38,636460.3799999999,True
1197695,115256.3,115256.3000000001,True
1148665,160679.2,160679.20000000007,True
1361419,355978.0,355978.0,True
1234162,1967.13,1967.1300000001793,True
1385051,106532.43,106532.43000000011,True
1099381,865415.47,865415.4699999997,True
1176580,98837.64,98837.64000000007,True
1034902,249723.76,249723.76,True
1265910,554021.44,554021.4399999998,True
1259791,43201.6,43201.60000000015,True
1394476,118978.38,118978.38000000006,True
1465993,196254.65,196254.65000000002,True
1252739,162340.64,162340.64000000013,True
1350729,93186.0,93186.00000000017,True
1304821,50950.0,50950.000000000175,True
1355468,123119.28,123119.28000000009,True
1210449,87448.64,87448.64000000007,True
1362323,79684.36,79684.36000000016,True
1058143,24246.96,24246.960000000137,True
1124368,41437.52,41437.52000000008,True
1185403,980216.65,980216.6499999997,True
1081693,190446.3,190446.30000000005,True
1237888,27224.9,27224.900000000198,True
1441542,197981.85,197981.85000000003,True
1486300,58989.8,58989.800000000105,True
1077350,737550.76,737550.7599999998,True
1263415,978829.28,978829.2799999998,True
1360665,887721.12,887721.1199999999,True
1165815,134856.38,134856.38000000006,True
1106075,148764.3,148764.3000000001,True
1076633,164892.09,164892.09000000005,True
1468468,37871.68,37871.68000000011,True
1308628,294595.92,294595.9199999999,True
1180794,2968.85,2968.8500000001513,True
1210896,29279.12,29279.12000000017,True
1314021,442044.12,442044.12,True
1184984,47642.2,47642.200000000186,True
1155569,26347.88,26347.88000000018,True
1498022,545372.1,545372.0999999999,True
1186424,88127.73,88127.73000000004,True
1112301,568333.9,568333.9,True
1062794,42178.8,42178.800000000105,True
1480253,300589.85,300589.85,True
1220658,344707.46,344707.45999999996,True
1048350,20748.24,20748.240000000165,True
1363667,195626.0,195626.00000000006,True
1070719,40241.72,40241.72000000015,True
1026171,16978.06,16978.06000000023,True
1386727,94367.24,94367.2400000001,True
1104214,126779.76,126779.7600000001,True
1308451,686934.64,686934.6399999999,True
1442392,34249.14,34249.14000000019,True
1395085,288471.5,288471.5,True
1351889,162858.15,162858.15000000002,True
1456782,423547.52,423547.52,True
1309489,221754.52,221754.52000000002,True
1381788,316130.36,316130.36,True
1410838,406850.2,406850.19999999995,True
1366189,77421.96,77421.96000000014,True
1084630,11182.58,11182.58000000025,True
1205160,37674.32,37674.32000000012,True
1154202,62560.42,62560.4200000001,True
1418085,394733.36,394733.3599999999,True
1007639,217024.8,217024.80000000005,True
1006608,231708.84,231708.84000000008,True
1373880,74729.66,74729.66000000009,True
1192775,96633.36,96633.36000000004,True
1483403,671309.46,671309.4599999998,True
1192347,24851.4,24851.40000000014,True
1164653,338709.61,338709.61,True
1368585,348941.44,348941.44,True
1463693,24034.2,24034.200000000128,True
1087063,167552.46,167552.46000000005,True
1439284,52165.26,52165.260000000126,True
1293136,132372.6,132372.6000000001,True
1105863,303358.56,303358.56,True
1156274,47797.47,47797.47000000015,True
1421441,158517.04,158517.0400000001,True
1434943,83024.55,83024.55000000005,True
1155287,660780.9,660780.8999999999,True
1008414,106758.0,106758.00000000012,True
1193273,128664.84,128664.84000000005,True
1035057,155237.42,155237.4200000001,True
1493185,270087.0,270087.0,True
1351972,93433.76,93433.76000000013,True
1354392,494248.92,494248.92,True
1314457,61419.64,61419.64000000007,True
1100971,13660.78,13660.780000000203,True
1325771,182838.0,182838.0000000001,True
1120183,837146.88,837146.8799999999,True
1155884,96490.8,96490.8000000001,True
1230228,135564.24,135564.24000000005,True
1025223,179632.8,179632.80000000005,True
1470816,148885.56,148885.56000000006,True
1081661,47689.83,47689.83000000013,True
1199185,16558.74,16558.740000000165,True
1466014,268357.32,268357.32000000007,True
1436112,89217.18,89217.18000000005,True
1468310,106456.38,106456.38000000006,True
1103722,11700.98,11700.980000000156,True
1205536,494720.8,494720.79999999993,True
1452286,86660.64,86660.64000000007,True
1178845,718022.76,718022.76,True
1182897,36057.15,36057.15000000008,True
1056464,678150.2,678150.1999999998,True
1173805,174098.1,174098.10000000012,True
1401750,138883.8,138883.80000000005,True
1139358,720373.22,720373.2199999997,True
1048012,138302.1,138302.10000000015,True
1473128,812623.95,812623.9499999997,True
1028283,32328.0,32328.000000000116,True
1403214,509505.36,509505.35999999987,True
1190864,85092.66,85092.66000000009,True
1350914,19951.23,19951.230000000098,True
1279267,175168.14,175168.14000000013,True
1444848,143577.12,143577.12000000005,True
1258573,64299.9,64299.9000000002,True
1282132,52532.4,52532.4000000002,True
1198960,124767.72,124767.72000000015,True
1407993,160626.8,160626.80000000005,True
1103696,47220.32,47220.320000000065,True
1063726,201352.8,201352.80000000005,True
1189892,113239.35,113239.35000000015,True
1383918,49737.9,49737.9000000002,True
1112545,755385.4,755385.3999999999,True
1019608,236854.35,236854.35000000003,True
1152181,936235.51,936235.5099999998,True
1368192,1741.73,1741.730000000156,True
1307380,606382.5,606382.4999999999,True
1183129,288959.72,288959.72,True
1218573,53090.28,53090.280000000086,True
1277546,19232.25,19232.250000000175,True
1378477,189563.19,189563.19,True
1151446,460975.05,460975.05,True
1054050,26526.97,26526.97000000009,True
1075649,41899.95,41899.95000000013,True
1480491,147893.46,147893.46000000002,True
1349230,367851.15,367851.14999999997,True
1191102,219560.24,219560.24,True
1112118,4250.87,4250.87000000017,True
1489924,33733.92,33733.9200000001,True
1359478,46955.7,46955.70000000007,True
1270052,71982.84,71982.84000000014,True
1380213,57897.92,57897.9200000001,True
1007165,49996.32,49996.32000000001,True
1402865,1025794.56,1025794.5599999998,True
1074727,129954.96,129954.96000000014,True
1189216,424546.43,424546.42999999993,True
1405433,563085.9,563085.8999999999,True
1218196,411298.68,411298.67999999993,True
1434346,138490.82,138490.82000000012,True
1140794,153502.08,153502.08000000005,True
1043141,80410.82,80410.82000000012,True
1423226,35578.44,35578.44000000012,True
1213430,154078.08,154078.08000000002,True
1140471,84773.0,84773.00000000012,True
1370633,217934.01,217934.01000000004,True
1224655,330051.2,330051.2,True
1114007,277280.02,277280.0200000001,True
1039243,128689.99,128689.99000000002,True
1168510,550154.36,550154.3599999999,True
1153088,95481.27,95481.2700000002,True
1092068,627886.2,627886.1999999998,True
1142781,700187.28,700187.2799999998,True
1077285,2781.77,2781.7700000001932,True
1330409,18541.52,18541.520000000135,True
1272452,386485.0,386484.99999999994,True
1112376,25697.62,25697.620000000054,True
1334253,47266.65,47266.65000000014,True
1283330,373834.08,373834.0800000001,True
1413178,95269.7,95269.70000000013,True
1313802,259207.7,259207.7,True
1312909,46034.2,46034.20000000013,True
1002874,197679.02,197679.02000000002,True
1480412,580231.37,580231.3699999999,True
1299643,238181.5,238181.5,True
1434527,602970.87,602970.8699999999,True
1079205,38795.28,38795.280000000144,True
1071805,116856.96,116856.96000000008,True
1196874,626733.1,626733.0999999999,True
1495731,3362.8,3362.800000000105,True
1120797,4602.15,4602.150000000198,True
1204482,141171.48,141171.4800000001,True
1261469,59364.91,59364.91000000009,True
1084014,498424.18,498424.17999999993,True
1421450,8251.77,8251.770000000193,True
1180833,565018.8,565018.7999999999,True
1148686,1156059.58,1156059.5799999998,True
1141303,23925.78,23925.780000000203,True
1312904,79439.36,79439.3600000001,True
1459672,298634.6,298634.6,True
1397012,57504.16,57504.16000000009,True
1384704,235057.46,235057.46000000002,True
1374478,118108.5,118108.50000000006,True
1354441,115953.42,115953.42000000004,True
1181952,86751.54,86751.5400000001,True
1479238,41188.0,41188.000000000175,True
1179650,153143.76,153143.76000000013,True
1257618,49512.89,49512.89000000019,True
1211449,304330.85,304330.85,True
1083980,60320.96,60320.96000000014,True
1247993,4206.29,4206.290000000154,True
1141842,141417.0,141417.0000000001,True
1148974,218894.76,218894.76000000013,True
1470418,272352.5,272352.5,True
1130992,24536.16,24536.16000000009,True
1079216,17070.28,17070.280000000144,True
1317915,569180.78,569180.78,True
1364688,49949.7,49949.70000000013,True
1446589,906275.1,906275.0999999996,True
1338796,59437.2,59437.20000000013,True
1223829,1182.8,1182.8000000002212,True
1330467,231410.82,231410.82,True
1138533,218961.5,218961.50000000003,True
1283218,374347.24,374347.24,True
1269140,135461.64,135461.64000000004,True
1284348,70546.77,70546.77000000008,True
1484027,152381.2,152381.20000000013,True
1285749,45771.83,45771.83000000013,True
1013831,151127.2,151127.20000000007,True
1274880,93456.81,93456.81000000011,True
1042730,93478.8,93478.8000000001,True
1095862,554739.68,554739.6799999999,True
1162412,16138.65,16138.65000000014,True
1259604,144659.25,144659.25000000012,True
1338884,9575.58,9575.580000000133,True
1240935,33388.6,33388.60000000015,True
1400687,5534.46,5534.460000000254,True
1373970,20470.0,20470.00000000006,True
1276996,103107.2,103107.20000000013,True
1443519,801993.5,801993.4999999998,True
1068562,97266.0,97266.00000000012,True
1455927,768656.4,768656.3999999999,True
1389736,62741.64,62741.64000000007,True
1382278,121680.25,121680.25000000006,True
1434372,307387.64,307387.64,True
1493842,179468.66,179468.66000000006,True
1068003,561846.15,561846.1499999999,True
1304282,50632.8,50632.800000000105,True
1081173,53864.33,53864.330000000075,True
1339708,367763.0,367762.99999999994,True
1132008,616479.76,616479.7599999999,True
1128597,29313.6,29313.600000000093,True
1087496,260470.35,260470.35,True
1341904,37794.88,37794.88000000018,True
1298008,1236899.75,1236899.7499999998,True
1196116,18530.46,18530.460000000137,True
1491743,721773.0,721772.9999999998,True
1132884,236953.5,236953.50000000003,True
1474663,573302.6,573302.5999999999,True
1459611,105987.97,105987.97000000015,True
1035045,182949.2,182949.20000000004,True
1295990,49101.7,49101.70000000013,True
1495343,247011.26,247011.26000000007,True
1486100,368222.4,368222.4,True
1494755,392589.78,392589.77999999997,True
1302333,390605.8,390605.8,True
1461833,20691.3,20691.300000000105,True
1211513,156367.42,156367.42000000007,True
1057477,219232.0,219232.00000000006,True
1245358,21621.04,21621.040000000095,True
1022420,220576.22,220576.22000000003,True
1338816,69835.44,69835.44000000012,True
1345221,32831.88,32831.88000000018,True
1438167,13576.8,13576.800000000105,True
1104020,10651.29,10651.290000000037,True
1169190,199786.23,199786.2300000001,True
1484492,74588.28,74588.28000000003,True
1146880,140073.89,140073.89000000013,True
1360386,285421.43,285421.43,True
1237523,291878.0,291878.0,True
1034316,41499.24,41499.24000000011,True
1473929,189266.1,189266.10000000006,True
1281743,1043789.12,1043789.1199999996,True
1248358,707292.46,707292.46,True
1386322,743810.85,743810.8499999999,True
1402004,165385.5,165385.5,True
1172396,161144.67,161144.67000000007,True
1489655,674304.52,674304.5199999999,True
1014493,336207.56,336207.55999999994,True
1183234,104279.9,104279.90000000008,True
1408615,323111.6,323111.6,True
1361060,162205.33,162205.33000000007,True
1497779,327726.0,327726.0,True
1462146,146402.98,146402.9800000001,True
1444966,174465.85,174465.85000000003,True
1140229,276605.35,276605.35,True
1319026,661623.7,661623.7,True
1088032,129041.56,129041.56000000006,True
1105122,215523.75,215523.75000000006,True
1204816,193086.6,193086.60000000003,True
1010619,14715.96,14715.960000000196,True
1256723,86665.14,86665.14000000013,True
1451001,5918.61,5918.610000000161,True
1437741,37054.72,37054.72000000015,True
1350156,209508.53,209508.53000000012,True
1249057,202139.01,202139.01000000007,True
1231916,232245.42,232245.42000000004,True
1039072,136470.96,136470.96000000008,True
1037101,1104647.58,1104647.5799999996,True
1180671,150524.94,150524.9400000001,True
1144550,194551.92,194551.9200000001,True
1086145,628193.44,628193.4399999997,True
1296311,54480.88,54480.88000000012,True
1121377,851031.44,851031.4399999997,True
1377488,468754.56,468754.55999999994,True
1424227,811816.9,811816.8999999999,True
1485047,109094.04,109094.0400000001,True
1146583,844047.9,844047.8999999999,True
1118352,75587.4,75587.40000000008,True
1358645,371406.66,371406.66,True
1111330,217433.88,217433.88000000006,True
1228617,681631.92,681631.9199999999,True
1238186,256178.34,256178.34000000003,True
1052625,31780.84,31780.840000000142,True
1047899,137214.0,137214.0000000001,True
1356737,26581.4,26581.400000000198,True
1125178,72852.52,72852.52000000008,True
1325485,591153.45,591153.45,True
1478467,12830.82,12830.820000000123,True
1420147,193461.12,193461.12,True
1312314,550615.65,550615.65,True
1060564,219155.76,219155.76000000004,True
1456572,109674.88,109674.88000000006,True
1032881,235483.71,235483.71,True
1017644,405432.3,405432.3,True
1026263,196175.86,196175.86000000004,True
1137682,762070.34,762070.3399999999,True
1250937,392300.4,392300.39999999997,True
1381046,40722.0,40722.000000000175,True
1467935,581909.76,581909.76,True
1475943,398284.86,398284.86000000004,True
1117634,162935.28,162935.28000000003,True
1314295,23300.94,23300.94000000012,True
1360627,84598.8,84598.8000000001,True
1074316,913459.68,913459.6799999997,True
1005231,103990.11,103990.1100000001,True
1321003,58725.52,58725.520000000135,True
1155609,586667.52,586667.52,True
1499484,51853.83,51853.83000000013,True
1016679,140658.42,140658.42000000013,True
1014494,95125.29,95125.2900000001,True
1438978,27194.22,27194.220000000147,True
1410154,64939.84,64939.84000000014,True
1416745,124311.84,124311.84000000014,True
1471068,362002.3,362002.3,True
1153320,65994.12,65994.12000000005,True
1122449,67047.36,67047.36000000004,True
1490770,74165.63,74165.63000000006,True
1075171,148180.32,148180.32000000012,True
1085897,12383.28,12383.280000000086,True
1045042,21827.55,21827.550000000105,True
1389007,26842.2,26842.200000000244,True
1375604,194313.58,194313.58000000007,True
1296041,513900.8,513900.79999999993,True
1102915,473557.71,473557.70999999996,True
1444379,88729.46,88729.46000000014,True
1315087,44739.53,44739.530000000086,True
1104821,40958.84,40958.84000000014,True
1226206,60750.35,60750.350000000035,True
1022289,144323.1,144323.10000000003,True
1361630,133581.6,133581.6000000001,True
1012718,766136.15,766136.1499999999,True
1477394,342465.9,342465.9000000001,True
1285188,123995.3,123995.3000000001,True
1396294,23094.57,23094.570000000123,True
1457623,355633.2,355633.20000000007,True
1095678,401898.28,401898.28,True
1186266,317692.2,317692.2,True
1155442,79946.02,79946.02000000014,True
1360374,24371.7,24371.700000000128,True
1410236,176994.74,176994.74000000008,True
1150935,102876.3,102876.3000000001,True
1051010,11731.53,11731.530000000203,True
1211617,698596.92,698596.9199999999,True
1478448,849238.02,849238.0199999998,True
1495492,89305.8,89305.8000000001,True
1485159,40893.02,40893.02000000008,True
1488488,564657.28,564657.28,True
1238387,523254.87,523254.86999999994,True
1391734,82848.5,82848.50000000012,True
1110150,139553.34,139553.3400000001,True
1169955,764597.79,764597.7899999998,True
1236281,24628.8,24628.800000000105,True
1092192,273452.82,273452.82,True
1333330,191111.04,191111.04000000004,True
1188274,625602.54,625602.5399999999,True
1076404,8591.11,8591.11000000016,True
1133979,140768.6,140768.6000000001,True
1122609,57482.88,57482.88000000012,True
1438710,790718.76,790718.76,True
1066178,11601.15,11601.150000000198,True
1220693,554824.8,554824.7999999999,True
1360108,5991.84,5991.840000000142,True
1164094,24007.28,24007.280000000144,True
1330479,13181.25,13181.250000000175,True
1246364,766606.56,766606.5599999998,True
1027758,455689.26,455689.26,True
1065559,300696.88,300696.88000000006,True
1045112,5291.64,5291.640000000189,True
1489984,83600.22,83600.22000000015,True
1168219,76421.8,76421.8000000001,True
1311508,85642.95,85642.95000000013,True
1311592,183702.24,183702.2400000001,True
1013619,3004.32,3004.32000000024,True
1165136,22698.2,22698.20000000007,True
1481039,808950.87,808950.8699999999,True
1129841,106234.7,106234.70000000007,True
1469235,19913.14,19913.14000000013,True
1183281,208225.04,208225.04000000007,True
1033707,122633.28,122633.28000000009,True
1231744,50293.28,50293.280000000086,True
1013789,272346.52,272346.52000000014,True
1410875,29163.96,29163.960000000137,True
1330319,134056.59,134056.59000000008,True
1431159,32886.06,32886.06000000023,True
1158145,31075.24,31075.240000000165,True
1020058,128821.6,128821.6000000001,True
1051842,74970.7,74970.70000000013,True
1472881,231048.4,231048.40000000002,True
1101004,939770.82,939770.8199999996,True
1083313,118195.95,118195.95000000007,True
1160449,204682.6,204682.6000000001,True
1364946,14538.81,14538.810000000114,True
1106016,429395.46,429395.45999999996,True
1194721,22982.16,22982.16000000009,True
1214332,259232.73,259232.73000000004,True
1025416,23088.78,23088.780000000086,True
1198241,269394.09,269394.0900000001,True
1111895,79505.26,79505.26000000013,True
1053003,488482.08,488482.08,True
1463425,56785.54,56785.540000000095,True
1154307,893696.16,893696.1599999999,True
1344213,1156740.9,1156740.8999999997,True
1459725,58592.48,58592.480000000156,True
1497720,212443.2,212443.20000000007,True
1067141,85695.06,85695.06000000011,True
1359414,16652.58,16652.58000000019,True
1177207,66710.16,66710.16000000009,True
1169443,276702.21,276702.2100000001,True
1037188,184587.08,184587.08000000002,True
1325210,147351.36,147351.36,True
1202499,121847.83,121847.83000000007,True
1050358,27721.15,27721.150000000198,True
1014628,26798.32,26798.320000000123,True
1156978,1096869.6,1096869.5999999999,True
1069728,16968.78,16968.780000000203,True
1499271,121787.76,121787.76000000013,True
1491412,219189.1,219189.10000000003,True
1491422,18535.04,18535.040000000095,True
1256367,25858.89,25858.89000000019,True
1479853,11025.52,11025.520000000077,True
1471511,6904.92,6904.9200000001,True
1402164,250218.54,250218.5400000001,True
1382763,65144.4,65144.40000000014,True
1001051,39763.89,39763.89000000007,True
1461003,36027.0,36027.00000000012,True
1062338,493253.8,493253.8,True
1218340,41915.88,41915.88000000012,True
1425092,52942.55,52942.55000000016,True
1395125,47355.52,47355.52000000019,True
1033774,331924.5,331924.50000000006,True
1481309,106955.8,106955.8000000001,True
1438783,14382.97,14382.97000000003,True
1488303,22926.88,22926.880000000063,True
1382403,303925.79,303925.79,True
1188165,117317.0,117317.00000000009,True
1476315,428212.8,428212.79999999993,True
1345662,199847.52,199847.52000000002,True
1163039,493678.8,493678.79999999993,True
1160891,39355.96,39355.96000000014,True
1254996,149325.4,149325.4000000001,True
1153796,4897.81,4897.810000000114,True
1335334,12899.52,12899.520000000135,True
1151158,171968.3,171968.3000000001,True
1184207,10513.88,10513.88000000018,True
1083697,133868.28,133868.28000000006,True
1493566,151578.45,151578.45000000007,True
1477360,66878.79,66878.7900000001,True
1224699,53258.66,53258.66000000009,True
1460358,750601.17,750601.1699999999,True
1354111,643356.54,643356.54,True
1352814,179831.4,179831.40000000005,True
1227834,526930.56,526930.56,True
1376245,12443.46,12443.460000000137,True
1163535,775225.78,775225.7799999998,True
1244587,3281.82,3281.8200000001816,True
1128381,385183.62,385183.61999999994,True
1337682,371012.4,371012.4,True
1436703,50828.95,50828.95000000013,True
1422508,271873.98,271873.98,True
1205208,51461.45,51461.45000000013,True
1272171,21556.98,21556.980000000098,True
1035729,1209729.85,1209729.8499999999,True
1377386,419819.92,419819.92000000004,True
1141888,414451.89,414451.89,True
1246092,56756.1,56756.100000000035,True
1299354,221471.25,221471.25000000006,True
1056171,903779.76,903779.7599999998,True
1123116,88951.08,88951.08000000013,True
1248992,241741.8,241741.8,True
1104327,83098.96,83098.96000000014,True
1261691,243563.6,243563.60000000003,True
1073352,63008.46,63008.46000000008,True
1101948,32879.8,32879.800000000105,True
1259620,13791.48,13791.480000000156,True
1464594,411100.2,411100.19999999995,True
1034905,66246.0,66246.00000000006,True
1014683,79364.16,79364.16000000009,True
1492021,957176.96,957176.9599999997,True
1302315,218328.32,218328.32000000007,True
1270933,117871.39,117871.39000000007,True
1177867,885734.64,885734.6399999998,True
1484380,505985.92,505985.92,True
1012922,53746.65,53746.65000000014,True
1212031,122844.96,122844.96000000014,True
1127959,282401.94,282401.94,True
1352945,1269986.52,1269986.5199999996,True
1416315,308532.51,308532.51000000007,True
1467356,120421.33,120421.33000000007,True
1427764,330193.5,330193.5,True
1447141,255406.56,255406.56,True
1410602,1058318.4,1058318.3999999997,True
1135160,319227.0,319227.0,True
1186934,22559.75,22559.750000000175,True
1351284,125853.52,125853.52000000008,True
1269701,12040.2,12040.200000000186,True
1075253,158275.95,158275.95000000013,True
1126156,11000.46,11000.460000000137,True
1443730,89370.27,89370.27000000008,True
1375766,307371.78,307371.78,True
1115751,34849.05,34849.050000000105,True
1050229,53731.08,53731.08000000019,True
1312328,25916.1,25916.100000000093,True
1302325,357066.45,357066.45,True
1229372,459727.84,459727.84,True
1103058,88801.44,88801.44000000012,True
1266934,323502.1,323502.1,True
1156044,16948.16,16948.16000000009,True
1185868,728934.39,728934.3899999999,True
1431981,496635.5,496635.4999999999,True
1232725,6287.98,6287.980000000156,True
1450475,37780.5,37780.50000000012,True
1390370,123475.32,123475.32000000007,True
1107397,29876.92,29876.9200000001,True
1052171,17292.39,17292.39000000019,True
1200096,196864.92,196864.9200000001,True
1182963,27170.8,27170.800000000105,True
1079934,230329.02,230329.02000000008,True
1176174,238332.6,238332.60000000006,True
1255051,73662.48,73662.48000000004,True
1497353,35626.44,35626.44000000006,True
1441737,100723.04,100723.0400000001,True
1354484,66934.07,66934.07000000012,True
1079036,802391.96,802391.9599999997,True
1047947,176405.79,176405.7900000001,True
1267864,15482.24,15482.240000000049,True
1298888,55896.5,55896.50000000012,True
1078495,4237.66,4237.660000000091,True
1233865,142946.1,142946.1000000001,True
1202567,902081.6,902081.5999999996,True
1130371,176264.25,176264.25000000012,True
1254060,122218.64,122218.64000000007,True
1359871,23799.65,23799.65000000014,True
1355055,27347.84,27347.840000000142,True
1129534,290308.21,290308.2100000001,True
1291785,155443.05,155443.05000000005,True
1149323,9121.96,9121.960000000254,True
1452205,4244.66,4244.660000000091,True
1315757,574324.02,574324.0199999999,True
1448843,7161.69,7161.690000000119,True
1157792,70996.71,70996.71000000014,True
1327219,607804.92,607804.9199999999,True
1260807,406121.83,406121.83,True
1039189,211582.68,211582.68000000008,True
1133224,32628.24,32628.240000000165,True
1234355,19679.6,19679.60000000015,True
1084981,216616.18,216616.18000000008,True
1017852,47517.96,47517.960000000196,True
1267509,28337.52,28337.520000000077,True
1214218,103983.72,103983.72000000015,True
1407942,11526.8,11526.800000000163,True
1355954,135747.7,135747.70000000013,True
1089114,82949.23,82949.2300000001,True
1304262,81801.99,81801.9900000001,True
1114423,82753.92,82753.9200000001,True
1381189,1000144.32,1000144.3199999996,True
1059019,130008.45,130008.4500000001,True
1388322,49854.0,49854.00000000012,True
1191440,379116.42,379116.42,True
1013306,273220.26,273220.26,True
1157281,481405.8,481405.79999999993,True
1035112,30512.6,30512.60000000015,True
1313711,576407.48,576407.48,True
1440870,49717.04,49717.040000000095,True
1474661,714088.36,714088.3599999999,True
1002837,155027.85,155027.8500000001,True
1268723,7462.7,7462.700000000128,True
1379331,231984.2,231984.20000000007,True
1228615,329287.32,329287.32,True
1330399,798095.55,798095.5499999998,True
1463288,100008.25,100008.25000000006,True
1031758,141263.64,141263.64000000007,True
1044780,13327.36,13327.36000000016,True
1067306,57289.98,57289.980000000156,True
1431086,62611.52,62611.52000000008,True
1148400,256404.92,256404.92000000007,True
1468801,690671.25,690671.2499999999,True
1281817,730035.19,730035.1899999997,True
1098090,581546.4,581546.3999999999,True
1191286,916984.8,916984.7999999998,True
1037397,484997.8,484997.79999999993,True
1266033,8465.85,8465.850000000151,True
1443675,80473.5,80473.50000000012,True
1234719,59655.9,59655.9000000002,True
1372955,260453.84,260453.84,True
1149927,70655.4,70655.40000000002,True
1010498,24485.04,24485.040000000154,True
1461253,218828.52,218828.52000000002,True
1382819,39060.36,39060.360000000044,True
1131748,313729.5,313729.50000000006,True
1328132,12284.61,12284.610000000102,True
1205833,189426.87,189426.87000000005,True
1018247,2805.5,2805.5000000001746,True
1028022,655375.2,655375.2,True
1037453,38234.13,38234.13000000006,True
1135750,42896.56,42896.560000000114,True
1168628,34745.16,34745.16000000009,True
1473478,136985.1,136985.10000000003,True
1481083,116287.31,116287.31000000011,True
1014660,35321.96,35321.96000000014,True
1053374,101908.3,101908.3000000001,True
1210868,139838.79,139838.79000000007,True
1345458,539113.92,539113.9199999999,True
1481229,264235.16,264235.16,True
1233070,120839.6,120839.60000000006,True
1257774,18009.24,18009.240000000165,True
1263131,124417.15,124417.15000000008,True
1222385,1240167.14,1240167.1399999997,True
1304636,210626.08,210626.08000000005,True
1407528,78397.6,78397.60000000015,True
1164566,391414.5,391414.49999999994,True
1232321,763934.6,763934.5999999999,True
1475661,81458.41,81458.41000000009,True
1069295,59000.1,59000.10000000009,True
1154059,577961.37,577961.3699999999,True
1205638,140202.66,140202.6600000001,True
1250558,17653.76,17653.760000000184,True
1352426,16823.2,16823.200000000244,True
1229045,203715.2,203715.2000000001,True
1411823,180655.36,180655.36000000004,True
1465051,75970.44,75970.44000000012,True
1431912,214136.8,214136.8000000001,True
1439524,248849.09,248849.09000000008,True
1274326,205421.04,205421.04000000004,True
1248141,314614.56,314614.55999999994,True
1052243,169974.35,169974.3500000001,True
1071855,421916.14,421916.14,True
1304963,36937.4,36937.4000000002,True
1485867,30274.53,30274.530000000144,True
1461638,127393.68,127393.68000000005,True
1444422,37096.72,37096.720000000205,True
1175738,210508.6,210508.60000000003,True
1206541,43166.53,43166.53000000003,True
1227714,7253.97,7253.970000000147,True
1306817,13195.83,13195.830000000191,True
1430254,28959.03,28959.030000000144,True
1281321,65819.67,65819.6700000001,True
1457728,7799.8,7799.800000000105,True
1379758,32748.48,32748.480000000098,True
1285079,58115.16,58115.16000000009,True
1172288,59541.44,59541.44000000012,True
1148276,5255.72,5255.720000000147,True
1236850,53087.8,53087.800000000105,True
1265681,72698.5,72698.50000000006,True
1147973,46577.2,46577.20000000013,True
1326449,487595.47,487595.47,True
1128173,390170.32,390170.31999999995,True
1258636,8663.4,8663.40000000014,True
1041875,118417.58,118417.58000000013,True
1033271,472647.42,472647.4199999999,True
1182845,65962.19,65962.19000000012,True
1056034,18788.1,18788.100000000093,True
1100789,157277.16,157277.16000000012,True
1245688,148431.68,148431.68000000005,True
1062896,11185.25,11185.250000000175,True
1215595,762843.3,762843.2999999998,True
1019872,16841.85,16841.850000000093,True
1299250,453380.82,453380.81999999995,True
1444964,7401.92,7401.9200000002165,True
1370540,185208.48,185208.48000000004,True
1394690,981047.55,981047.5499999998,True
1065095,699639.76,699639.7599999998,True
1246617,584741.12,584741.1199999999,True
1325572,759846.5,759846.4999999998,True
1232501,144347.37,144347.37000000005,True
1410252,151050.43,151050.4300000001,True
1410294,442792.22,442792.2199999999,True
1442692,466014.24,466014.24,True
1226211,503743.18,503743.17999999993,True
1126956,38236.0,38236.00000000006,True
1335156,401209.52,401209.51999999996,True
1374205,851108.56,851108.5599999998,True
1211563,214743.62,214743.62000000005,True
1321000,26067.54,26067.540000000095,True
1395777,104091.21,104091.21000000014,True
1192451,41397.15,41397.1500000002,True
1107764,298917.79,298917.79000000004,True
1214756,328786.6,328786.6,True
1121681,332779.7,332779.7,True
1324902,27824.86,27824.86000000016,True
1223421,24735.24,24735.240000000107,True
1101833,342802.02,342802.01999999996,True
1080809,44865.18,44865.18000000011,True
1136098,253163.99,253163.99,True
1063536,114597.25,114597.25000000012,True
1319796,562793.57,562793.5699999998,True
1199588,125901.81,125901.81000000011,True
1131072,33618.6,33618.60000000009,True
1354644,182270.6,182270.60000000006,True
1342663,11516.64,11516.64000000013,True
1210186,8756.94,8756.940000000119,True
1385769,88201.0,88201.00000000006,True
1052888,59359.43,59359.43000000005,True
1237840,65963.31,65963.31000000011,True
1301137,67279.98,67279.9800000001,True
1156086,205762.14,205762.14000000007,True
1048076,474658.38,474658.37999999995,True
1235364,326836.12,326836.12000000005,True
1054421,7230.64,7230.640000000189,True
1208885,56249.56,56249.560000000114,True
1215473,300398.42,300398.42,True
1480959,257088.04,257088.0400000001,True
1275053,248739.25,248739.25,True
1450527,33317.7,33317.70000000013,True
1239759,227206.75,227206.75000000006,True
1059625,509841.36,509841.3599999999,True
1182400,370114.56,370114.56,True
1234437,673374.52,673374.5199999998,True
1419736,8762.19,8762.190000000119,True
1327494,2368.94,2368.940000000235,True
1111381,135447.78,135447.78000000014,True
1324223,251137.92,251137.92000000004,True
1371623,95089.77,95089.77000000008,True
1240597,322238.18,322238.18000000005,True
1284017,42599.0,42599.000000000175,True
1174233,4001.5,4001.5000000001746,True
1237946,116967.02,116967.02000000008,True
1422631,36080.24,36080.24000000011,True
1119578,193492.08,193492.08000000002,True
1499088,98467.52,98467.52000000008,True
1401857,203076.66,203076.66000000006,True
1491381,1135743.05,1135743.0499999998,True
1030297,212566.64,212566.64000000013,True
1017443,315878.08,315878.08,True
1172377,19403.09,19403.090000000142,True
1026329,345339.87,345339.87,True
1069498,137933.15,137933.15000000008,True
1163773,443429.1,443429.1,True
1060734,92225.6,92225.60000000015,True
1009499,648627.12,648627.1199999999,True
1243195,207591.8,207591.8000000001,True
1471874,62774.1,62774.10000000009,True
1205404,112883.87,112883.87000000005,True
1333051,17278.4,17278.40000000008,True
1303373,25608.92,25608.9200000001,True
1345016,47094.8,47094.800000000105,True
1414855,1248579.2,1248579.1999999997,True
1204465,848186.08,848186.0799999998,True
1110556,114554.7,114554.70000000013,True
1065439,431799.66,431799.66,True
1152865,32118.08,32118.080000000133,True
1108942,201999.28,201999.28000000006,True
1015612,43913.61,43913.6100000001,True
1256708,212187.0,212187.00000000006,True
1329781,107062.34,107062.34000000014,True
1381714,70409.75,70409.75000000012,True
1018671,152597.75,152597.75000000012,True
1222545,60525.9,60525.90000000008,True
1108669,42914.7,42914.70000000013,True
1375928,35083.59,35083.59000000014,True
1250180,584401.68,584401.6799999999,True
1104958,393945.63,393945.63000000006,True
1114505,50033.4,50033.40000000014,True
1402266,32482.44,32482.44000000012,True
1195118,177604.8,177604.80000000005,True
1035689,150476.48,150476.48000000004,True
1385039,423076.26,423076.25999999995,True
1350090,2342.46,2342.460000000254,True
1044110,530517.66,530517.6599999999,True
1044701,156570.07,156570.07000000007,True
1018255,105348.0,105348.00000000006,True
1335856,292932.15,292932.15,True
1330902,288016.38,288016.38,True
1365236,27623.85,27623.85000000015,True
1213910,101335.04,101335.0400000001,True
1152984,69763.44,69763.44000000012,True
1062772,353074.02,353074.02,True
1124942,249840.78,249840.78000000003,True
1222000,86403.26,86403.26000000007,True
1363661,63337.6,63337.60000000009,True
1357793,225165.9,225165.90000000002,True
1065045,19879.2,19879.200000000244,True
1459826,66196.2,66196.20000000013,True
1036149,316957.52,316957.52,True
1246097,236503.8,236503.8,True
1124913,29885.9,29885.900000000198,True
1242525,160633.34,160633.34000000003,True
1349476,907230.47,907230.47,True
1177890,1120168.0,1120167.9999999998,True
1342410,477267.06,477267.05999999994,True
1450671,7663.15,7663.15000000014,True
1054940,40430.55,40430.550000000105,True
1109400,67723.48,67723.48000000004,True
1071385,236710.5,236710.50000000006,True
1404953,257893.02,257893.02000000008,True
1330385,27345.44,27345.44000000012,True
1099951,60086.65,60086.65000000008,True
1101470,47567.12,47567.12000000017,True
1121093,153134.49,153134.4900000001,True
1112902,73293.0,73293.00000000006,True
1339255,27951.4,27951.40000000014,True
1445345,250803.93,250803.93,True
1073961,176768.48,176768.4800000001,True
1065330,79320.0,79320.00000000017,True
1287291,442173.2,442173.19999999995,True
1189387,56267.4,56267.40000000014,True
1314254,266172.9,266172.9000000001,True
1223506,275438.0,275438.0,True
1193277,24399.4,24399.400000000198,True
1246254,27374.2,27374.200000000186,True
1029766,616150.57,616150.5699999998,True
1354350,13866.38,13866.380000000121,True
1202811,32581.17,32581.17000000016,True
1261618,95950.62,95950.62000000011,True
1438104,599155.98,599155.9799999999,True
1018904,137265.55,137265.55000000005,True
1194781,255887.5,255887.5,True
1079354,144730.52,144730.52000000008,True
1337856,6135.04,6135.040000000212,True
1001160,344161.75,344161.75000000006,True
1483341,40900.47,40900.47000000009,True
1445752,537443.39,537443.3899999999,True
1133541,58002.63,58002.63000000018,True
1220156,519424.9,519424.89999999997,True
1039518,10956.12,10956.12000000017,True
1365853,539516.25,539516.2499999999,True
1177272,16489.62,16489.62000000011,True
1321502,266899.15,266899.1500000001,True
1193715,207482.8,207482.8,True
1166498,247205.7,247205.7,True
1320197,65751.48,65751.48000000016,True
1005660,77192.0,77192.00000000017,True
1265667,40217.1,40217.10000000015,True
1297363,86065.33,86065.33000000013,True
1444449,802509.4,802509.3999999999,True
1440488,87205.86,87205.8600000001,True
1281521,243008.97,243008.97000000003,True
1285288,51569.04,51569.040000000095,True
1397311,382882.36,382882.3599999999,True
1458304,415080.9,415080.9,True
1156380,94613.1,94613.10000000015,True
1231323,114756.12,114756.12000000011,True
1208563,122632.8,122632.80000000005,True
1182701,195743.9,195743.90000000002,True
1498496,25670.65,25670.650000000198,True
1049807,315568.24,315568.24000000005,True
1026203,100840.2,100840.20000000013,True
1314334,24384.16,24384.16000000009,True
1012428,96814.62,96814.62000000005,True
1414205,139302.3,139302.30000000005,True
1461020,193268.92,193268.9200000001,True
1269203,24276.07,24276.070000000123,True
1022969,86974.4,86974.40000000008,True
1076643,1059170.4,1059170.3999999997,True
1077368,66251.52,66251.5200000002,True
1006065,679565.12,679565.1199999999,True
1099045,760549.3,760549.2999999998,True
1242939,147432.42,147432.42000000007,True
1379164,643051.75,643051.75,True
1010159,45469.2,45469.20000000013,True
1451274,229532.64,229532.64000000007,True
1384838,339732.0,339732.0,True
1339462,405163.5,405163.49999999994,True
1315690,31885.7,31885.700000000128,True
1007085,212407.56,212407.56000000003,True
1054819,16544.04,16544.040000000095,True
1388064,39675.66,39675.66000000009,True
1227837,583850.43,583850.4299999999,True
1338070,7395.84,7395.840000000142,True
1323460,155127.52,155127.52000000005,True
1363524,99243.82,99243.82000000007,True
1223354,69173.17,69173.17000000004,True
1294650,161272.5,161272.50000000006,True
1376781,108877.02,108877.02000000008,True
1035782,703184.3,703184.3,True
1458971,100565.27,100565.27000000008,True
1233840,802256.42,802256.4199999999,True
1066008,904199.4,904199.3999999997,True
1481093,103035.68,103035.68000000011,True
1116508,83573.75,83573.75000000012,True
1114742,69776.19,69776.19000000012,True
1400201,360536.22,360536.22,True
1331365,324631.57,324631.57,True
1085268,13777.98,13777.980000000098,True
1009419,9914.92,9914.9200000001,True
1387320,32725.81,32725.810000000114,True
1351453,94557.49,94557.4900000001,True
1137495,773766.69,773766.6899999998,True
1163223,360847.56,360847.56000000006,True
1405385,63625.0,63625.00000000006,True
1145788,225134.8,225134.80000000002,True
1112772,14243.44,14243.440000000119,True
1353564,23726.44,23726.44000000012,True
1493033,125573.36,125573.3600000001,True
1196090,328044.81,328044.81,True
1462652,84200.92,84200.9200000001,True
1439614,408924.82,408924.81999999995,True
1425689,85707.48,85707.48000000004,True
1223567,135938.37,135938.37000000008,True
1023207,348352.9,348352.9,True
1244383,492114.24,492114.24,True
1196248,103465.62,103465.62000000005,True
1490554,39601.62,39601.62000000011,True
1208709,177459.66,177459.66000000006,True
1360814,33949.84,33949.84000000014,True
1050871,3507.56,3507.5600000001723,True
1063394,282882.08,282882.0800000001,True
1204324,51602.55,51602.550000000105,True
1265018,28728.5,28728.500000000116,True
1444986,63649.17,63649.1700000001,True
1001123,898131.04,898131.0399999998,True
1131221,311555.16,311555.16,True
1255926,216370.05,216370.05000000002,True
1487124,6202.02,6202.020000000193,True
1461987,301402.35,301402.35,True
1375351,33151.32,33151.32000000012,True
1173406,29374.44,29374.440000000235,True
1323774,253633.5,253633.5,True
1474334,723722.17,723722.1699999999,True
1477755,440710.4,440710.39999999997,True
1429369,61796.25,61796.25000000006,True
1206222,78699.6,78699.60000000015,True
1194081,70769.36,70769.36000000004,True
1429465,32179.84,32179.840000000084,True
1435572,265947.78,265947.78,True
1215758,107395.2,107395.20000000013,True
1311141,54936.9,54936.90000000008,True
1172552,236555.0,236555.00000000003,True
1007127,140396.52,140396.52000000008,True
1297215,221607.36,221607.36000000002,True
1342690,413095.02,413095.02,True
1365605,316826.64,316826.6400000001,True
1186818,386021.68,386021.67999999993,True
1381947,50377.6,50377.600000000035,True
1454538,35650.29,35650.290000000095,True
1198103,9761.4,9761.40000000014,True
1455802,63151.79,63151.790000000095,True
1318396,127776.42,127776.4200000001,True
1241354,33342.95,33342.95000000013,True
1133299,97685.63,97685.63000000006,True
1227308,46437.0,46437.00000000006,True
1191196,333012.24,333012.24000000005,True
1077705,29891.26,29891.260000000068,True
1483210,39305.88,39305.88000000012,True
1373374,7850.44,7850.440000000177,True
1315798,404042.88,404042.88,True
1345343,313273.71,313273.7100000001,True
1339990,151893.11,151893.11000000004,True
1307000,230289.5,230289.5000000001,True
1309482,22675.28,22675.280000000144,True
1320730,322989.0,322989.0,True
1225841,146840.76,146840.76000000007,True
1143725,83795.36,83795.3600000001,True
1386314,326395.44,326395.44,True
1347666,124261.18,124261.18000000005,True
1197874,214021.08,214021.08000000002,True
1243698,840386.62,840386.6199999999,True
1167083,10625.83,10625.830000000133,True
1412561,166239.02,166239.02000000005,True
1230237,31911.21,31911.210000000196,True
1063756,56155.8,56155.80000000005,True
1326738,158640.2,158640.20000000007,True
1231283,327970.8,327970.79999999993,True
1035934,44915.72,44915.720000000205,True
1031626,112800.25,112800.25000000006,True
1146346,35131.5,35131.50000000012,True
1499997,44145.36,44145.36000000016,True
1359392,504729.09,504729.08999999997,True
1195464,809603.85,809603.8499999999,True
1130607,11565.27,11565.270000000193,True
1341331,218204.82,218204.82,True
1056723,1264968.0,1264967.9999999998,True
1021515,223926.85,223926.85000000006,True
1043825,315503.1,315503.10000000003,True
1224474,344660.75,344660.75000000006,True
1269995,91414.51,91414.51000000007,True
1046952,502792.71,502792.70999999996,True
1453903,12623.34,12623.3400000002,True
1415555,54449.76,54449.760000000126,True
1317635,33269.6,33269.60000000015,True
1100921,445487.85,445487.85,True
1383322,25863.75,25863.750000000116,True
1252476,458522.64,458522.63999999996,True
1044041,1174004.12,1174004.1199999999,True
1375694,34940.18,34940.18000000011,True
1250716,189450.71,189450.71000000008,True
1264663,143692.77,143692.77000000008,True
1429057,625399.4,625399.3999999999,True
1398710,95872.42,95872.4200000001,True
1200811,62457.93,62457.93000000005,True
1417789,16696.2,16696.200000000128,True
1440906,111967.27,111967.27000000014,True
1259649,122323.18,122323.18000000005,True
1318252,281179.35,281179.35000000003,True
1327591,415125.92,415125.92,True
1326648,1232758.8,1232758.7999999998,True
1170562,278988.9,278988.9,True
1481128,365249.0,365249.0,True
1052777,87064.2,87064.20000000013,True
1285154,166085.24,166085.24000000005,True
1005270,48276.4,48276.40000000008,True
1278360,359128.43,359128.42999999993,True
1181246,78867.0,78867.00000000006,True
1080694,33389.44,33389.44000000012,True
1220089,288897.17,288897.1699999999,True
1241094,57366.3,57366.300000000105,True
1361662,28911.78,28911.780000000203,True
1401208,37994.48,37994.480000000156,True
1371892,22453.08,22453.080000000133,True
1150467,231733.6,231733.60000000003,True
1143501,99577.12,99577.12000000005,True
1174631,216918.22,216918.22000000003,True
1321899,784701.9,784701.8999999999,True
1380862,404961.25,404961.25,True
1438814,246203.55,246203.55000000005,True
1394426,27999.37,27999.370000000054,True
1476759,610104.73,610104.73,True
1048901,59703.2,59703.20000000013,True
1470519,764359.59,764359.5899999999,True
1255082,789544.77,789544.7699999998,True
1248133,1022.72,1022.7200000001467,True
1084555,230122.81,230122.81000000003,True
1380895,301780.26,301780.26,True
1012196,488450.54,488450.5399999999,True
1446208,279037.08,279037.08,True
1477240,46034.34,46034.34000000014,True
1004152,129315.62,129315.62000000011,True
1233005,314567.24,314567.24,True
1443132,26328.0,26328.00000000006,True
1192625,351506.05,351506.05000000005,True
1073488,38802.0,38802.00000000006,True
1201626,198589.38,198589.38000000003,True
1256672,94647.99,94647.99000000005,True
1369166,7073.06,7073.060000000114,True
1263292,45586.88,45586.88000000006,True
1300915,512985.7,512985.69999999995,True
1142019,123060.96,123060.96000000008,True
1379007,60410.28,60410.280000000086,True
1038844,204812.16,204812.1600000001,True
1318202,76392.15,76392.15000000008,True
1485970,521350.16,521350.15999999986,True
1307739,29491.42,29491.4200000001,True
1268862,147709.38,147709.3800000001,True
1107459,11513.74,11513.740000000165,True
1321075,169376.48,169376.48000000004,True
1208394,61677.27,61677.27000000008,True
1289117,291075.03,291075.0300000001,True
1356364,48725.16,48725.16000000009,True
1428319,463837.55,463837.54999999993,True
1475644,322666.96,322666.96,True
1437847,45849.42,45849.4200000001,True
1472408,271383.48,271383.48,True
1415567,25733.5,25733.50000000006,True
1174688,251377.57,251377.57000000004,True
1309716,22848.84,22848.840000000142,True
1042050,6122.94,6122.940000000119,True
1154026,595188.36,595188.3599999999,True
1356358,153467.5,153467.50000000012,True
1168574,56541.55,56541.54999999999,True
1163060,286333.2,286333.20000000007,True
1347521,32937.12,32937.12000000011,True
1201243,51419.6,51419.60000000009,True
1073687,231580.6,231580.60000000003,True
1124613,250906.88,250906.88000000006,True
1498399,458218.88,458218.88,True
1203111,138506.82,138506.8200000001,True
1299936,95713.6,95713.60000000015,True
1342053,16233.75,16233.750000000175,True
1168483,24694.64,24694.64000000019,True
1130813,269478.48,269478.48,True
1136175,24957.12,24957.12000000017,True
1234175,154231.2,154231.20000000007,True
1184169,318919.2,318919.20000000007,True
1238940,1138560.96,1138560.9599999997,True
1226713,117576.61,117576.61000000004,True
1054903,131778.01,131778.0100000001,True
1376991,98651.52,98651.52000000008,True
1272119,117471.9,117471.90000000008,True
1185490,329110.48,329110.48,True
1471937,140650.8,140650.80000000005,True
1031913,27453.8,27453.800000000105,True
1485751,82305.18,82305.18000000011,True
1191170,41669.68,41669.68000000011,True
1322701,141627.64,141627.64000000013,True
1116201,166606.05,166606.05000000005,True
1477087,1967.53,1967.5300000002026,True
1437299,172961.61,172961.61000000007,True
1167153,632498.1,632498.0999999999,True
1286655,37079.51,37079.510000000126,True
1208835,119191.28,119191.28000000009,True
1044607,281333.06,281333.06000000006,True
1495191,38279.87,38279.87000000011,True
1004156,345261.82,345261.82000000007,True
1252289,40148.39,40148.39000000019,True
1379197,668667.06,668667.0599999998,True
1015749,632295.12,632295.1199999999,True
1061592,177808.46,177808.46000000008,True
1443974,16814.71,16814.710000000137,True
1105764,23479.08,23479.08000000019,True
1490823,94840.98,94840.98000000004,True
1374650,32157.86,32157.860000000044,True
1009329,95964.19,95964.19000000012,True
1336219,81905.28,81905.28000000003,True
1448704,2539.85,2539.850000000093,True
1266713,142687.68,142687.68000000005,True
1149922,116831.1,116831.10000000003,True
1153176,1317018.08,1317018.0799999998,True
1097927,112614.72,112614.72000000015,True
1172268,221496.11,221496.11000000002,True
1487916,306455.32,306455.32000000007,True
1417617,29699.19,29699.190000000235,True
1339090,182430.48,182430.48000000007,True
1036646,305156.5,305156.5,True
1090089,469782.8,469782.79999999993,True
1047277,196698.88,196698.88000000006,True
1318544,150121.44,150121.44000000006,True
1090367,66985.68,66985.68000000011,True
1359347,9630.0,9630.000000000116,True
1305069,7958.84,7958.840000000258,True
1329419,79877.84,79877.84000000008,True
1093833,1022128.8,1022128.7999999998,True
1272074,526005.0,526005.0,True
1047037,187502.9,187502.90000000008,True
1082728,995004.22,995004.2199999997,True
1498425,137320.5,137320.50000000012,True
1111784,4736.79,4736.790000000154,True
1456778,63654.36,63654.36000000016,True
1326181,106006.8,106006.8000000001,True
1431130,552543.53,552543.5299999999,True
1393490,61108.16,61108.16000000003,True
1447991,2613.26,2613.260000000184,True
1447845,351998.44,351998.44,True
1258513,63026.46,63026.46000000014,True
1270439,597616.2,597616.1999999998,True
1095765,34378.41,34378.41000000009,True
1126354,96269.14,96269.14000000007,True
1017466,643455.28,643455.2799999998,True
1016033,6988.83,6988.830000000191,True
1361533,4559.01,4559.010000000184,True
1319040,3498.15,3498.150000000198,True
1340318,52749.97,52749.97000000009,True
1072969,53810.54,53810.53999999998,True
1478054,370750.38,370750.38000000006,True
1329328,117066.4,117066.40000000014,True
1202207,177790.27,177790.27000000008,True
1284008,574785.67,574785.67,True
1450324,3843.2,3843.2000000002445,True
1284634,155476.96,155476.96000000008,True
1490718,26978.16,26978.16000000009,True
1230458,304136.58,304136.5800000001,True
1031656,206092.6,206092.60000000003,True
1397445,95853.45,95853.45000000013,True
1278987,32520.5,32520.500000000175,True
1280134,516101.04,516101.0399999999,True
1335794,48456.9,48456.90000000008,True
1223579,84216.51,84216.51000000007,True
1296273,9803.3,9803.300000000105,True
1225667,175500.54,175500.54000000004,True
1078109,43291.36,43291.3600000001,True
1173816,186851.8,186851.8,True
1015503,34317.84,34317.8400000002,True
1114730,647605.96,647605.9599999997,True
1391808,85455.73,85455.73000000004,True
1359538,393367.02,393367.01999999996,True
1281708,208329.4,208329.40000000002,True
1476746,143664.7,143664.7000000001,True
1034161,287242.2,287242.2,True
1027875,492600.64,492600.64,True
1452301,1141382.91,1141382.9099999997,True
1374095,433954.98,433954.98,True
1495943,52029.15,52029.15000000014,True
1444088,23371.64,23371.64000000013,True
1148599,398944.1,398944.1,True
1126365,85089.33,85089.33000000013,True
1162962,72581.79,72581.7900000001,True
1393327,165641.7,165641.70000000007,True
1316631,329225.4,329225.4,True
1490775,85845.28,85845.28000000009,True
1197802,11373.0,11373.000000000175,True
1241694,358813.5,358813.50000000006,True
1020228,440219.5,440219.5,True
1040697,855532.11,855532.1099999999,True
1390399,401761.35,401761.35,True
1245663,271818.4,271818.4000000001,True
1139195,286072.5,286072.5,True
1356378,481277.72,481277.72,True
1347513,596348.44,596348.4399999998,True
1461612,777381.46,777381.4599999997,True
1419795,65143.62,65143.62000000011,True
1132496,34751.57,34751.57000000018,True
1215741,272286.28,272286.28,True
1411385,822312.66,822312.6599999999,True
1392558,16151.28,16151.280000000144,True
1256905,53164.5,53164.50000000012,True
1457666,119867.76,119867.76000000013,True
1094922,403926.63,403926.63,True
1128396,33558.9,33558.9000000002,True
1250234,907462.24,907462.2399999998,True
1454387,124351.08,124351.08000000005,True
1146121,5731.36,5731.360000000102,True
1184505,268883.44,268883.44,True
1294600,217110.6,217110.6000000001,True
1351275,26586.12,26586.120000000054,True
1378165,10467.96,10467.960000000137,True
1470574,182784.6,182784.6000000001,True
1166913,18477.5,18477.500000000175,True
1441745,53696.96,53696.96000000014,True
1109691,80799.51,80799.51000000007,True
1147068,58613.28,58613.280000000086,True
1081304,131181.6,131181.60000000003,True
1451264,36434.34,36434.34000000014,True
1317335,61925.92,61925.9200000001,True
1213499,576884.56,576884.5599999999,True
1042249,228865.2,228865.20000000007,True
1290073,15274.62,15274.62000000017,True
1118702,11012.52,11012.520000000193,True
1449234,283176.14,283176.14,True
1067970,8939.04,8939.040000000095,True
1223457,79842.56,79842.56000000011,True
1235471,130704.8,130704.80000000005,True
1025291,50247.24,50247.240000000165,True
1015026,203831.72,203831.7200000001,True
1017250,681276.15,681276.1499999999,True
1376064,43200.32,43200.32000000012,True
1359996,473742.62,473742.61999999994,True
1233771,555265.9,555265.8999999999,True
1010878,256640.16,256640.16,True
1167380,318732.81,318732.81,True
1153477,184278.78,184278.78000000003,True
1046394,158832.02,158832.02000000008,True
1001209,402579.67,402579.67,True
1176302,173039.12,173039.12000000008,True
1360153,1052101.05,1052101.0499999998,True
1329545,325064.69,325064.68999999994,True
1137871,340030.85,340030.85,True
1363782,419632.5,419632.5,True
1398744,530723.18,530723.1799999999,True
1131923,62096.44,62096.44000000006,True
1333256,84493.2,84493.20000000013,True
1268577,51128.64,51128.64000000007,True
1276915,350632.08,350632.0800000001,True
1441206,69145.1,69145.10000000015,True
1472416,699654.78,699654.7799999998,True
1068093,129917.2,129917.20000000007,True
1268378,1817.34,1817.3400000002584,True
1361258,66513.72,66513.72000000015,True
1218609,125033.52,125033.52000000008,True
1105921,389203.65,389203.64999999997,True
1123891,1536.04,1536.0400000000955,True
1055224,36696.3,36696.300000000105,True
1498871,37351.9,37351.9000000002,True
1450340,140776.95,140776.95000000007,True
1204069,397020.96,397020.96,True
1496011,4168.46,4168.460000000137,True
1361951,6407.94,6407.940000000119,True
1479029,277655.69,277655.69000000006,True
1067134,283507.63,283507.63,True
1395403,523715.85,523715.8499999999,True
1482449,283237.51,283237.51,True
1489564,477079.47,477079.4699999999,True
1348249,10473.14,10473.140000000189,True
1431616,100922.98,100922.98000000004,True
1402552,1170722.7,1170722.6999999997,True
1249197,309742.44,309742.44,True
1170564,349125.12,349125.12000000005,True
1118975,141841.05,141841.05000000005,True
1465373,12513.51,12513.510000000068,True
1077799,446560.14,446560.14,True
1095393,173137.31,173137.31000000006,True
1442118,55139.31,55139.310000000114,True
1211973,23352.81,23352.810000000114,True
1490579,477721.83,477721.82999999996,True
1138050,345056.88,345056.88,True
1280172,410223.88,410223.88,True
1338952,14179.22,14179.220000000088,True
1487172,15051.41,15051.41000000009,True
1347046,7121.94,7121.940000000119,True
1122114,3494.64,3494.6400000001886,True
1258258,21167.55,21167.55000000022,True
1284992,221041.81,221041.81000000003,True
1113027,240087.5,240087.50000000012,True
1287948,209513.88,209513.88000000006,True
1095170,829949.46,829949.4599999997,True
1221345,104360.7,104360.70000000013,True
1073523,888168.92,888168.9199999998,True
1212956,230324.42,230324.4200000001,True
1288514,332798.5,332798.5,True
1381939,135236.88,135236.8800000001,True
1152693,13161.9,13161.900000000198,True
1398804,180936.21,180936.21000000008,True
1087701,129808.43,129808.43000000011,True
1300411,198195.9,198195.90000000002,True
1475182,271055.97,271055.97,True
1416850,151540.22,151540.22000000006,True
1437715,91795.58,91795.58000000013,True
1077872,124998.6,124998.6000000001,True
1407871,375112.64,375112.64,True
1398663,44059.5,44059.50000000006,True
1364760,49450.9,49450.9000000002,True
1085989,273775.68,273775.68000000005,True
1344569,656191.9,656191.8999999999,True
1448719,43915.68,43915.68000000011,True
1367109,185425.12,185425.12000000008,True
1377433,555775.65,555775.65,True
1328445,390384.15,390384.15,True
1493071,320354.4,320354.4000000001,True
1429309,51083.52,51083.52000000008,True
1209416,23081.15,23081.15000000014,True
1090671,267992.56,267992.56,True
1428114,22474.88,22474.88000000018,True
1456113,912630.96,912630.9599999997,True
1453897,12168.93,12168.93000000011,True
1394316,311656.88,311656.88,True
1375226,178578.15,178578.15000000002,True
1449221,318558.68,318558.68,True
1088213,48617.79,48617.79000000004,True
1474771,547135.05,547135.0499999999,True
1381070,59420.9,59420.90000000008,True
1292633,12288.32,12288.320000000123,True
1277950,149657.2,149657.20000000013,True
1307905,927774.63,927774.6299999997,True
1165983,336012.11,336012.11,True
1034148,79235.8,79235.80000000005,True
1496080,96087.33,96087.33000000013,True
1213857,51732.12,51732.12000000005,True
1284885,143638.88,143638.88000000012,True
1157648,135396.04,135396.0400000001,True
1173559,167414.31,167414.31000000006,True
1237417,516086.01,516086.00999999995,True
1229931,722924.76,722924.7599999998,True
1127453,6262.45,6262.450000000186,True
1233499,262960.88,262960.88000000006,True
1422050,624016.98,624016.98,True
1075998,319760.4,319760.4,True
1156729,261891.32,261891.32000000007,True
1049857,24030.7,24030.700000000128,True
1349013,41145.7,41145.70000000013,True
1487879,21011.84,21011.840000000142,True
1326903,56791.14,56791.14000000013,True
1429744,71734.95,71734.95000000013,True
1344535,938958.93,938958.9299999997,True
1280303,1062252.95,1062252.9499999997,True
1398128,123501.12,123501.12000000005,True
1240040,341905.7,341905.70000000007,True
1281115,289376.88,289376.88,True
1132031,110546.0,110546.00000000006,True
1420944,597226.5,597226.4999999999,True
1483024,11913.56,11913.560000000114,True
1465079,406297.38,406297.37999999995,True
1259616,500026.05,500026.04999999993,True
1470420,813835.36,813835.3599999999,True
1204861,740440.44,740440.4399999997,True
1150843,66699.69,66699.69000000012,True
1203015,45697.12,45697.12000000017,True
1446958,6140.4,6140.4000000000815,True
1225034,105823.76,105823.76000000013,True
1483583,355945.57,355945.57,True
1459552,20663.46,20663.460000000254,True
1390260,8188.89,8188.890000000189,True
1491214,32939.64,32939.64000000013,True
1025650,68511.17,68511.1700000001,True
1376985,223710.2,223710.2,True
1018701,89411.74,89411.7400000001,True
1014581,245471.1,245471.10000000006,True
1389877,59519.88,59519.88000000006,True
1396640,29271.69,29271.69000000012,True
1334668,972560.16,972560.1599999997,True
1238280,2777.79,2777.790000000212,True
1079423,222747.6,222747.60000000006,True
1311443,47130.12,47130.12000000017,True
1250499,10270.98,10270.980000000156,True
1405746,3284.76,3284.7600000001257,True
1142433,101005.52,101005.5200000002,True
1143165,10190.52,10190.520000000193,True
1341857,222346.6,222346.60000000003,True
1259850,30606.75,30606.75000000006,True
1459349,655353.09,655353.0899999999,True
1405694,410113.18,410113.17999999993,True
1133691,416886.24,416886.24,True
1144490,348739.2,348739.2,True
1126613,34681.68,34681.68000000011,True
1269170,51422.23,51422.23000000004,True
1033100,286836.69,286836.69000000006,True
1408052,264012.84,264012.84,True
1282137,402523.29,402523.2899999999,True
1338489,27663.22,27663.220000000147,True
1454438,174821.85,174821.8500000001,True
1214739,497993.7,497993.69999999995,True
1320251,223379.91,223379.91000000003,True
1126530,29541.45,29541.450000000128,True
1105788,28076.58,28076.580000000133,True
1223703,175337.85,175337.8500000001,True
1142335,536469.78,536469.78,True
1328103,484077.63,484077.62999999995,True
1113269,23574.9,23574.900000000198,True
1238325,405402.8,405402.79999999993,True
1376638,255042.6,255042.6000000001,True
1380238,197711.85,197711.85000000003,True
1170443,26364.48,26364.48000000004,True
1085777,92296.24,92296.2400000001,True
1231040,53062.45,53062.45000000013,True
1366190,63512.03,63512.030000000086,True
1361667,123035.66,123035.66000000009,True
1405305,583972.23,583972.23,True
1260436,379603.68,379603.68,True
1189620,1226470.8,1226470.7999999998,True
1361411,180893.7,180893.70000000004,True
1452624,94699.44,94699.44000000012,True
1121191,126871.93,126871.93000000005,True
1001591,125803.15,125803.15000000008,True
1039937,208610.64,208610.6400000001,True
1368369,274480.05,274480.05000000005,True
1280522,104176.65,104176.65000000002,True
1051244,13379.56,13379.56000000023,True
1189135,97046.07,97046.07000000012,True
1176503,118637.9,118637.90000000008,True
1124818,229143.72,229143.72000000003,True
1418097,80479.06,80479.06000000011,True
1459230,712840.71,712840.7099999997,True
1460626,122170.0,122170.00000000006,True
1428774,125429.5,125429.50000000003,True
1364044,389781.6,389781.6,True
1005249,84847.2,84847.20000000013,True
1058504,62720.7,62720.70000000013,True
1081535,92392.1,92392.10000000015,True
1381510,202695.98,202695.98000000004,True
1333401,187358.71,187358.71000000008,True
1237279,29796.18,29796.18000000011,True
1171490,632990.66,632990.6599999999,True
1284425,195480.05,195480.05000000005,True
1182707,22716.68,22716.68000000011,True
1403630,724523.52,724523.5199999998,True
1218785,325533.4,325533.4,True
1106073,456929.07,456929.06999999995,True
1111391,717904.36,717904.3599999999,True
1297577,870733.08,870733.0799999997,True
1483439,177169.2,177169.20000000013,True
1470483,122608.64,122608.64000000007,True
1298594,107263.6,107263.60000000015,True
1199386,205101.38,205101.38,True
1448459,565215.51,565215.5099999999,True
1166121,309703.68,309703.68000000005,True
1279991,524333.88,524333.8799999999,True
1340438,74772.32,74772.32000000018,True
1110162,429032.34,429032.33999999997,True
1359928,32505.58,32505.580000000075,True
1268885,453307.14,453307.13999999996,True
1114999,64164.48,64164.480000000156,True
1186622,139058.46,139058.46000000002,True
1159165,42463.68,42463.68000000011,True
1442328,786100.68,786100.6799999999,True
1099050,15429.42,15429.4200000001,True
1115670,537704.96,537704.96,True
1012752,52969.38,52969.38000000012,True
1014367,63103.49,63103.49000000011,True
1252297,560817.18,560817.1799999999,True
1261431,449483.58,449483.58,True
1237846,265941.81,265941.81000000006,True
1123103,45299.5,45299.50000000012,True
1450413,54124.56,54124.560000000114,True
1276690,31086.44,31086.44000000012,True
1403250,306747.45,306747.45000000007,True
1140909,291893.28,291893.28,True
1145911,29129.88,29129.880000000063,True
1209094,102469.95,102469.95000000013,True
1440556,517364.1,517364.0999999999,True
1028107,14798.82,14798.820000000123,True
1136789,1037877.0,1037876.9999999998,True
1452558,197942.6,197942.60000000003,True
1072498,10719.77,10719.770000000193,True
1359769,340029.76,340029.76,True
1482310,515939.1,515939.0999999999,True
1303298,78936.0,78936.00000000006,True
1121293,460067.09,460067.08999999997,True
1209020,308570.28,308570.28,True
1082263,40714.48,40714.480000000156,True
1060287,20243.28,20243.280000000144,True
1447121,65957.5,65957.50000000006,True
1153652,383781.5,383781.50000000006,True
1135856,49968.84,49968.84000000014,True
1232630,89881.47,89881.47000000015,True
1059736,193732.64,193732.64000000004,True
1063312,352359.6,352359.6,True
1016171,88046.28,88046.28000000009,True
1054660,255338.33,255338.33000000005,True
1216639,882500.25,882500.2499999998,True
1387577,444142.04,444142.04,True
1331039,75659.01,75659.01000000018,True
1457192,161143.29,161143.2900000001,True
1135065,271289.2,271289.2,True
1328977,500634.36,500634.3599999999,True
1373577,248593.15,248593.15000000005,True
1112976,45157.95,45157.95000000013,True
1114886,51777.11,51777.110000000044,True
1167590,52951.32,52951.32000000012,True
1474848,101045.28,101045.28000000009,True
1460284,463971.69,463971.68999999994,True
1320487,406366.0,406365.99999999994,True
1104763,45316.04,45316.040000000095,True
1157436,303452.43,303452.43,True
1018288,315766.64,315766.64,True
1413118,133369.64,133369.64000000007,True
1215870,406647.12,406647.12,True
1062948,164585.07,164585.07000000012,True
1492255,1262979.45,1262979.4499999995,True
1085341,125308.08,125308.08000000013,True
1411143,518929.11,518929.1099999999,True
1482735,73579.0,73579.00000000006,True
1283662,184379.72,184379.72000000006,True
1128639,157664.54,157664.5400000001,True
1493271,192856.56,192856.56000000006,True
1439698,426827.7,426827.7,True
1131226,127140.97,127140.97000000015,True
1445947,35583.75,35583.75000000006,True
1058450,67840.85,67840.85000000015,True
1022766,459210.63,459210.63,True
1303460,338687.04,338687.04,True
1211177,185131.8,185131.80000000008,True
1443868,118951.36,118951.36000000004,True
1127823,53629.52,53629.52000000019,True
1351511,245765.88,245765.88000000006,True
1472504,659585.92,659585.9199999999,True
1356724,65488.28,65488.28000000003,True
1055461,678964.14,678964.1399999999,True
1316871,536685.75,536685.7499999999,True
1247735,80108.27,80108.27000000008,True
1317571,8919.92,8919.9200000001,True
1274971,181415.99,181415.99000000005,True
1333483,12936.96,12936.960000000137,True
1224454,594784.11,594784.1099999999,True
1206417,95927.67,95927.6700000001,True
1336082,20770.92,20770.9200000001,True
1156184,116320.68,116320.68000000011,True
1451836,65103.48,65103.4800000001,True
1133934,619331.94,619331.9399999998,True
1372518,490139.07,490139.07,True
1062048,26781.75,26781.750000000175,True
1117896,371506.8,371506.8,True
1407298,644108.18,644108.1799999999,True
1104224,174076.29,174076.29000000004,True
1314416,62140.4,62140.40000000008,True
1085697,164917.34,164917.34000000008,True
1455630,249458.1,249458.1000000001,True
1435292,15963.92,15963.920000000217,True
1293059,254553.88,254553.88000000006,True
1174149,51070.35,51070.35000000015,True
1094191,255780.12,255780.12000000002,True
1068118,79421.85,79421.85000000015,True
1361804,127839.54,127839.54000000004,True
1058850,367757.37,367757.37,True
1149479,43715.04,43715.040000000154,True
1015805,47770.2,47770.20000000007,True
1252636,55894.24,55894.24000000005,True
1085784,242432.21,242432.21000000008,True
1247072,219909.6,219909.6000000001,True
1162959,272927.99,272927.99,True
1071045,44082.6,44082.600000000035,True
1437339,139915.87,139915.87000000002,True
1323588,224033.9,224033.90000000002,True
1165109,129596.49,129596.49000000005,True
1401417,770162.68,770162.6799999999,True
1274763,87367.34,87367.34000000008,True
1173601,10055.04,10055.040000000095,True
1037699,136280.36,136280.36000000004,True
1243828,33622.7,33622.70000000013,True
1277357,543012.6,543012.5999999999,True
1319185,422022.15,422022.14999999997,True
1045003,30242.88,30242.880000000063,True
1299097,328547.45,328547.45000000007,True
1109970,286576.32,286576.32,True
1049260,353731.36,353731.36000000004,True
1301294,97159.58,97159.58000000013,True
1122445,417255.36,417255.3599999999,True
1396944,184920.3,184920.30000000008,True
1055436,28397.46,28397.460000000137,True
1057065,299115.4,299115.4,True
1119914,43881.32,43881.32000000012,True
1219132,310044.46,310044.4600000001,True
1178340,496415.92,496415.92,True
1124037,256176.72,256176.72000000003,True
1058858,469792.4,469792.4,True
1195301,169167.6,169167.60000000003,True
1155291,425434.14,425434.14,True
1310707,3206.04,3206.0400000000955,True
1259828,130250.9,130250.90000000008,True
1285226,887086.71,887086.7099999997,True
1112418,524986.35,524986.35,True
1026877,862806.4,862806.3999999999,True
1254043,253852.38,253852.38000000006,True
1343352,22569.75,22569.750000000116,True
1291375,251027.89,251027.89,True
1265102,935395.32,935395.3199999996,True
1360263,26183.64,26183.640000000072,True
1199180,33422.84,33422.84000000014,True
1238594,10241.76,10241.760000000184,True
1032206,105912.2,105912.20000000007,True
1281212,36429.12,36429.12000000005,True
1396740,490797.92,490797.9199999999,True
1199416,799096.36,799096.3599999999,True
1054652,33375.9,33375.90000000014,True
1421766,53174.88,53174.88000000012,True
1034071,10620.14,10620.140000000189,True
1045525,939573.27,939573.2699999998,True
1297770,78938.8,78938.8000000001,True
1092485,763713.0,763712.9999999999,True
1087145,2823.98,2823.980000000156,True
1046499,32699.4,32699.40000000008,True
1291599,59776.08,59776.08000000013,True
1141385,80574.13,80574.13000000012,True
1292300,1034766.7,1034766.6999999997,True
1107107,242659.32,242659.32000000007,True
1026557,29336.58,29336.580000000133,True
1379441,981059.2,981059.1999999997,True
1370272,146207.82,146207.82000000007,True
1186076,29629.17,29629.1700000001,True
1140859,108773.6,108773.60000000015,True
1360901,46870.35,46870.350000000035,True
1059222,264428.84,264428.8400000001,True
1254518,110358.45,110358.45000000013,True
1204949,241063.56,241063.56,True
1390246,39375.77,39375.770000000135,True
1358592,74715.96,74715.96000000014,True
1172271,345091.25,345091.25,True
1117633,38612.16,38612.16000000009,True
1223224,24856.26,24856.260000000126,True
1096096,270508.06,270508.06,True
1393424,5965.28,5965.280000000203,True
1196184,25318.54,25318.540000000095,True
1063493,450921.66,450921.6599999999,True
1175196,78557.4,78557.40000000008,True
1167886,24271.25,24271.250000000175,True
1311797,268169.04,268169.04000000004,True
1092160,69972.8,69972.8000000001,True
1278284,119532.04,119532.04000000004,True
1131782,35808.21,35808.21000000014,True
1395754,471553.19,471553.18999999994,True
1486789,113447.75,113447.75000000006,True
1355667,337052.06,337052.06,True
1160791,57660.72,57660.72000000015,True
1024074,77259.52,77259.52000000014,True
1267584,270977.7,270977.70000000007,True
1009991,17798.88,17798.88000000018,True
1262810,262133.16,262133.1600000001,True
1470913,49487.4,49487.40000000008,True
1444652,151524.0,151524.0000000001,True
1327901,45938.83,45938.83000000013,True
1099355,67577.5,67577.50000000006,True
1123646,185226.72,185226.72000000003,True
1421241,41221.44,41221.44000000006,True
1442129,156879.15,156879.15000000005,True
1443585,85751.51,85751.51000000007,True
1292892,33272.28,33272.280000000086,True
1232322,110669.16,110669.16000000009,True
1221258,172494.07,172494.07000000007,True
1031773,12289.92,12289.9200000001,True
1046925,93951.52,93951.52000000008,True
1090437,137381.59,137381.59000000008,True
1352872,44167.75,44167.750000000175,True
1127063,45487.12,45487.12000000011,True
1170682,27035.47,27035.470000000205,True
1172255,40275.96,40275.96000000014,True
1460899,43198.54,43198.54000000004,True
1332494,456491.7,456491.69999999995,True
1296982,23635.53,23635.530000000144,True
1354500,234545.22,234545.22000000006,True
1390728,152505.6,152505.6000000001,True
1228303,148145.4,148145.40000000002,True
1134499,24922.16,24922.16000000015,True
1483170,789084.48,789084.4799999997,True
1143493,680515.82,680515.8199999998,True
1305659,89661.7,89661.70000000013,True
1457541,37721.52,37721.520000000135,True
1037648,51606.12,51606.12000000011,True
1075145,365692.04,365692.04,True
1097971,94471.86,94471.8600000001,True
1224588,116336.64,116336.64000000007,True
1070542,88193.28,88193.28000000009,True
1386157,486490.18,486490.17999999993,True
1021752,153663.46,153663.46000000008,True
1055460,889817.55,889817.5499999998,True
1381279,482079.23,482079.23,True
1166700,919634.12,919634.1199999996,True
1121766,270169.56,270169.56,True
1404357,177084.92,177084.92000000004,True
1005638,15314.19,15314.190000000177,True
1213355,56286.24,56286.24000000005,True
1466075,371605.72,371605.7199999999,True
1081138,388197.48,388197.48,True
1426326,494795.6,494795.5999999999,True
1249192,391390.74,391390.74,True
1362631,24173.52,24173.520000000135,True
1363822,43101.84,43101.84000000014,True
1494066,589212.9,589212.8999999999,True
1022353,100191.2,100191.20000000001,True
1427219,322736.1,322736.1,True
1235931,262920.0,262920.0,True
1203139,12551.06,12551.060000000114,True
1297337,187975.84,187975.84000000003,True
1341735,69141.17,69141.1700000001,True
1272346,5762.4,5762.400000000198,True
1453306,68074.65,68074.65000000008,True
1199530,3666.71,3666.7100000001374,True
1396307,41970.0,41970.000000000175,True
1054849,56785.44,56785.44000000012,True
1119967,33461.22,33461.22000000026,True
1403643,193966.56,193966.56000000008,True
1002037,215387.55,215387.55000000005,True
1198933,171438.0,171438.00000000003,True
1299591,33954.61,33954.61000000016,True
1241159,102067.7,102067.70000000007,True
1356875,7563.63,7563.630000000179,True
1324008,299753.48,299753.48,True
1273953,41952.57,41952.57000000012,True
1288924,292076.64,292076.64,True
1408280,79500.56,79500.56000000011,True
1492087,164713.8,164713.80000000002,True
1298059,424755.03,424755.03,True
1060023,63239.0,63239.00000000006,True
1129362,429657.04,429657.0399999999,True
1274760,233562.99,233562.99000000002,True
1035102,458503.32,458503.31999999995,True
1465918,89574.42,89574.4200000001,True
1405518,22923.25,22923.250000000116,True
1263470,5757.0,5757.000000000175,True
1246518,216749.5,216749.5,True
1328036,35596.35,35596.35000000015,True
1005996,40222.05,40222.050000000105,True
1085010,83058.58,83058.58000000013,True
1192426,42002.73,42002.730000000156,True
1323335,223920.5,223920.50000000006,True
1246312,107261.88,107261.88000000006,True
1163613,371683.92,371683.92000000004,True
1233967,162451.12,162451.12000000005,True
1419771,1651.14,1651.1400000001886,True
1052173,82147.52,82147.52000000008,True
1110323,103218.84,103218.84000000014,True
1487543,32902.74,32902.74000000005,True
1349820,143578.25,143578.25000000006,True
1238408,20274.2,20274.20000000007,True
1014589,35921.88,35921.88000000012,True
1259090,27482.67,27482.67000000016,True
1255768,119328.6,119328.6000000001,True
1199161,177987.57,177987.57000000012,True
1454427,18575.85,18575.850000000093,True
1340556,21118.52,21118.520000000193,True
1271944,207694.26,207694.26,True
1181212,744262.05,744262.0499999998,True
1391962,55980.8,55980.800000000105,True
1196692,130593.32,130593.32000000012,True
1397618,237876.12,237876.12000000005,True
1180293,256299.0,256299.00000000006,True
1087911,138365.6,138365.60000000003,True
1145436,242823.35,242823.3500000001,True
1471431,219372.8,219372.80000000005,True
1116204,499897.87,499897.87,True
1043238,64137.36,64137.36000000016,True
1263360,446868.24,446868.23999999993,True
1051469,403581.96,403581.95999999996,True
1245983,352225.8,352225.8,True
1216961,62606.2,62606.20000000013,True
1038525,8779.0,8779.000000000175,True
1215936,108288.96,108288.96000000002,True
1233567,93116.7,93116.70000000013,True
1123258,156659.4,156659.40000000005,True
1033513,683477.48,683477.4799999997,True
1300565,121826.7,121826.70000000007,True
1398556,325931.96,325931.96,True
1294956,304371.95,304371.94999999995,True
1498571,458573.55,458573.54999999993,True
1272536,18671.52,18671.520000000193,True
1249176,20750.3,20750.300000000163,True
1155892,8884.8,8884.800000000105,True
1253462,74988.76,74988.76000000013,True
1201176,59414.13,59414.13000000018,True
1036345,3795.3,3795.300000000105,True
1223417,653479.75,653479.7499999998,True
1471698,49857.95,49857.95000000013,True
1460953,396914.56,396914.56,True
1431030,1116482.4,1116482.3999999997,True
1077326,497444.6,497444.59999999986,True
1216959,132879.54,132879.54000000004,True
1282213,18988.2,18988.200000000128,True
1485691,22737.36,22737.36000000016,True
1096707,251555.49,251555.49000000002,True
1002012,1192821.49,1192821.4899999998,True
1334956,4012.16,4012.160000000149,True
1452121,206965.53,206965.5300000001,True
1271082,559100.43,559100.4299999999,True
1272617,93042.17,93042.1700000001,True
1177723,116075.4,116075.40000000011,True
1406207,67646.4,67646.40000000008,True
1302179,5004.34,5004.340000000258,True
1261513,368471.92,368471.92,True
1114048,39637.4,39637.4000000002,True
1108386,550867.2,550867.1999999998,True
1134612,61294.98,61294.9800000001,True
1188941,70978.33,70978.33000000013,True
1086983,708008.0,708007.9999999998,True
1497245,88966.62,88966.62000000011,True
1395295,273892.08,273892.08,True
1064755,60840.09,60840.09000000014,True
1169661,18048.34,18048.340000000142,True
1316273,1075835.64,1075835.6399999997,True
1071928,161730.29,161730.29000000004,True
1495702,305480.6,305480.6,True
1057277,304680.09,304680.09,True
1083330,97418.88,97418.88000000006,True
1462507,11199.65,11199.650000000198,True
1341298,56754.85,56754.850000000035,True
1065529,279906.09,279906.0900000001,True
1299236,113430.46,113430.46000000014,True
1228949,250720.08,250720.08000000002,True
1206574,91657.5,91657.50000000006,True
1051348,583046.11,583046.1099999999,True
1404581,48087.05,48087.050000000105,True
1456753,5588.0,5588.000000000116,True
1003994,428924.34,428924.33999999997,True
1084481,154187.1,154187.10000000003,True
1011829,76505.44,76505.44000000006,True
1324794,57051.96,57051.96000000014,True
1247842,30492.0,30492.000000000175,True
1463778,18180.5,18180.500000000175,True
1178873,10312.2,10312.200000000128,True
1442528,308465.4,308465.4,True
1288052,81123.28,81123.28000000009,True
1340282,289443.98,289443.98,True
1091239,32901.48,32901.480000000156,True
1087494,149940.68,149940.68000000008,True
1358812,22805.97,22805.970000000205,True
1285440,7872.96,7872.960000000137,True
1267931,142160.88,142160.8800000001,True
1353183,11255.64,11255.640000000189,True
1007937,64779.15,64779.15000000008,True
1463911,105302.0,105302.00000000006,True
1276070,43350.12,43350.12000000005,True
1032876,46501.2,46501.20000000013,True
1193693,21425.31,21425.310000000114,True
1181993,193981.32,193981.32000000004,True
1453894,244495.68,244495.68000000005,True
1081279,103817.81,103817.81000000011,True
1069751,196506.18,196506.18000000002,True
1227592,157447.08,157447.08000000002,True
1014329,95456.97,95456.97000000015,True
1298905,24566.29,24566.290000000095,True
1055218,361356.08,361356.07999999996,True
1149017,11665.67,11665.6700000001,True
1318104,120556.8,120556.80000000008,True
1169668,605043.75,605043.75,True
1157880,7420.38,7420.380000000179,True
1343650,354841.5,354841.5,True
1070526,469810.5,469810.5,True
1450905,10178.96,10178.960000000254,True
1158821,21771.21,21771.210000000137,True
1121779,477495.6,477495.59999999986,True
1305089,7713.07,7713.07000000024,True
1277853,53896.96,53896.96000000014,True
1392882,1283292.41,1283292.4099999995,True
1089046,177845.36,177845.36000000004,True
1030943,80567.4,80567.40000000008,True
1120138,75138.48,75138.48000000004,True
1285313,138827.2,138827.20000000007,True
1040864,69295.27,69295.27000000014,True
1147647,23488.16,23488.160000000207,True
1188650,931294.66,931294.6599999997,True
1189625,705824.46,705824.4599999997,True
1116943,284014.08,284014.08,True
1342805,286799.1,286799.10000000003,True
1050379,65860.2,65860.20000000013,True
1474598,31808.72,31808.720000000205,True
1200675,144811.6,144811.6000000001,True
1193399,111368.04,111368.0400000001,True
1423779,520576.02,520576.0199999999,True
1061172,222775.2,222775.20000000007,True
1395069,127101.45,127101.4500000001,True
1133915,314497.5,314497.5,True
1017647,36705.52,36705.52000000019,True
1431148,142487.8,142487.80000000008,True
1125225,118806.45,118806.4500000001,True
1289317,103305.0,103305.00000000006,True
1322043,347783.42,347783.4199999999,True
1480662,195765.75,195765.75000000006,True
1057540,399262.5,399262.49999999994,True
1317481,101013.6,101013.60000000015,True
1101774,29487.51,29487.510000000068,True
1402506,149117.85,149117.8500000001,True
1105753,276850.3,276850.3,True
1292299,263140.62,263140.62,True
1402833,26592.55,26592.550000000105,True
1327383,388567.29,388567.2899999999,True
1193837,23065.28,23065.280000000086,True
1438867,7654.92,7654.9200000001,True
1085893,119784.08,119784.08000000005,True
1043598,46243.33,46243.33000000013,True
1440059,57536.64,57536.64000000007,True
1093810,88376.16,88376.16000000015,True
1018401,15757.83,15757.830000000133,True
1417317,231659.52,231659.52000000008,True
1132454,1052857.4,1052857.3999999997,True
1366504,903764.78,903764.7799999998,True
1109818,527861.98,527861.98,True
1358179,200678.52,200678.52000000008,True
1366745,695249.24,695249.24,True
1394092,31920.66,31920.66000000009,True
1419389,59038.83,59038.83000000013,True
1190922,503112.96,503112.95999999996,True
1200819,193240.44,193240.44000000006,True
1493298,370337.44,370337.44,True
1070322,166171.35,166171.3500000001,True
1386944,5316.45,5316.4500000002445,True
1140207,1240454.81,1240454.8099999998,True
1189535,93371.33,93371.33000000013,True
1166220,898713.36,898713.3599999999,True
1121053,451661.34,451661.33999999997,True
1487247,87412.5,87412.50000000017,True
1484654,92911.0,92911.00000000012,True
1096560,134118.53,134118.5300000001,True
1191427,48698.4,48698.40000000008,True
1042267,167162.1,167162.10000000003,True
1348400,549577.67,549577.6699999999,True
1252706,31161.95,31161.950000000244,True
1199562,94927.2,94927.20000000007,True
1024773,6379.95,6379.950000000186,True
1395893,224060.76,224060.76000000007,True
1402290,211616.99,211616.99000000002,True
1078883,853794.0,853793.9999999998,True
1254284,33764.9,33764.90000000014,True
1280039,12232.52,12232.520000000193,True
1429757,349635.53,349635.53,True
1035573,22049.82,22049.820000000123,True
1262606,8528.88,8528.88000000018,True
1043500,31779.96,31779.960000000137,True
1182258,9763.16,9763.160000000207,True
1162632,144245.0,144245.00000000006,True
1493435,8761.8,8761.800000000105,True
1075011,378433.65,378433.64999999997,True
1358186,53075.36,53075.3600000001,True
1421416,290271.66,290271.66000000003,True
1176144,265322.88,265322.88,True
1428608,162130.64,162130.64000000007,True
1179226,83681.52,83681.52000000008,True
1333365,918396.1,918396.0999999996,True
1169093,171912.0,171912.00000000006,True
1233857,131205.36,131205.36000000004,True
1110128,44374.5,44374.500000000175,True
1272056,13383.22,13383.220000000088,True
1425817,65343.75,65343.75000000012,True
1176801,170927.52,170927.52000000005,True
1355591,348454.07,348454.07,True
1116387,117424.67,117424.67000000004,True
1021474,11351.16,11351.16000000009,True
1163268,372370.32,372370.32000000007,True
1132037,258302.64,258302.6400000001,True
1115360,15463.98,15463.980000000156,True
1447825,88129.86,88129.86000000004,True
1305646,474453.96,474453.95999999996,True
1352513,22544.05,22544.050000000105,True
1265330,429809.4,429809.39999999997,True
1154089,133495.7,133495.70000000007,True
1116232,75932.34,75932.34000000008,True
1203997,348747.84,348747.83999999997,True
1382552,102770.37,102770.37000000005,True
1154507,19062.0,19062.00000000006,True
1071942,84378.11,84378.11000000004,True
1078172,90863.4,90863.40000000008,True
1404828,338745.92,338745.92,True
1300858,55293.99,55293.99000000011,True
1202014,342825.74,342825.74,True
1303284,66209.2,66209.20000000013,True
1045896,42672.8,42672.800000000105,True
1495493,1804.54,1804.5400000001537,True
1317896,215629.8,215629.80000000005,True
1171199,47596.14,47596.14000000019,True
1036952,614854.0,614853.9999999999,True
1231946,77788.9,77788.90000000008,True
1315329,20094.15,20094.150000000198,True
1053711,8934.72,8934.720000000147,True
1095117,309786.19,309786.19,True
1123502,18983.3,18983.300000000105,True
1071482,1215561.6,1215561.5999999999,True
1481549,30728.11,30728.110000000102,True
1104266,4862.07,4862.070000000123,True
1320841,10513.58,10513.580000000133,True
1319795,57804.42,57804.42000000004,True
1342100,6302.3,6302.300000000163,True
1142520,584725.05,584725.0499999999,True
1137577,100699.95,100699.95000000007,True
1157175,121891.2,121891.20000000007,True
1323533,70210.7,70210.70000000013,True
1238402,883742.4,883742.3999999999,True
1346435,40343.66,40343.66000000009,True
1237737,57294.54,57294.540000000095,True
1490199,85990.95,85990.95000000013,True
1465850,17675.2,17675.200000000128,True
1316937,39698.16,39698.16000000009,True
1449792,209946.87,209946.8700000001,True
1051258,540604.96,540604.96,True
1163929,135456.0,135456.0000000001,True
1486908,673836.78,673836.78,True
1367086,211016.88,211016.88,True
1051432,763073.44,763073.4399999998,True
1405376,26016.97,26016.970000000147,True
1428022,832901.4,832901.3999999999,True
1009495,151939.08,151939.08000000002,True
1079964,453537.01,453537.00999999995,True
1492744,85992.36,85992.3600000001,True
1483138,251055.6,251055.60000000006,True
1390014,79794.4,79794.40000000008,True
1033476,29688.44,29688.44000000012,True
1001166,221557.06,221557.06,True
1223918,102485.46,102485.46000000008,True
1178165,266417.4,266417.4,True
1166626,374673.25,374673.24999999994,True
1036899,742697.37,742697.3699999999,True
1085754,6781.4,6781.40000000014,True
1172188,300641.64,300641.64,True
1476805,874162.4,874162.3999999999,True
1201702,222574.8,222574.80000000005,True
1305408,103638.59,103638.59000000014,True
1118293,10416.68,10416.680000000226,True
1305319,540192.8,540192.8,True
1215644,694226.72,694226.7199999997,True
1310861,27826.05,27826.050000000105,True
1424502,80569.8,80569.8000000001,True
1084025,542677.1,542677.0999999999,True
1083071,145628.4,145628.40000000005,True
1203991,27596.55,27596.550000000105,True
1483809,11002.71,11002.710000000137,True
1341320,160685.47,160685.47000000003,True
1198400,745010.64,745010.6399999999,True
1318125,574778.36,574778.3599999999,True
1238543,45791.8,45791.80000000016,True
1485669,373771.86,373771.8599999999,True
1222203,11284.1,11284.100000000035,True
1291947,268981.68,268981.68000000005,True
1464840,55993.2,55993.20000000013,True
1180069,543210.67,543210.6699999999,True
1039545,21521.64,21521.64000000019,True
1352837,218741.04,218741.04000000004,True
1364403,122996.88,122996.88000000012,True
1080167,73351.5,73351.50000000012,True
1247671,46354.4,46354.40000000014,True
1138857,938327.5,938327.4999999998,True
1001431,29842.01,29842.010000000068,True
1027750,432208.0,432207.99999999994,True
1190541,600439.32,600439.3199999998,True
1293664,10807.2,10807.200000000128,True
1114381,141823.78,141823.7800000001,True
1124989,163775.1,163775.10000000003,True
1060688,6085.01,6085.010000000184,True
1368457,197465.2,197465.20000000007,True
1009010,18365.68,18365.68000000011,True
1245262,661602.42,661602.4199999999,True
1190024,173026.51,173026.51000000007,True
1486345,483273.72,483273.72,True
1115233,843515.75,843515.7499999998,True
1083815,489771.0,489771.0,True
1061279,208065.25,208065.25000000003,True
1131772,8881.23,8881.230000000156,True
1249609,893399.64,893399.6399999997,True
1192679,387149.67,387149.67,True
1204318,8191.04,8191.0400000000955,True
1437504,511507.84,511507.83999999997,True
1335036,6732.32,6732.320000000123,True
1169605,13199.27,13199.270000000193,True
1232763,575775.72,575775.7199999999,True
1381156,112425.06,112425.06000000011,True
1059546,271034.82,271034.82000000007,True
1371683,439461.1,439461.0999999999,True
1380870,1025460.24,1025460.2399999998,True
1138375,551471.76,551471.76,True
1006730,509588.1,509588.09999999986,True
1166950,414896.65,414896.65,True
1138669,12212.64,12212.64000000013,True
1487864,312533.0,312533.0,True
1336452,485182.93,485182.92999999993,True
1483134,136789.5,136789.50000000006,True
1366243,131716.26,131716.26000000007,True
1039038,126582.0,126582.00000000012,True
1073907,17960.7,17960.700000000128,True
1357489,279460.83,279460.8300000001,True
1396031,532655.76,532655.76,True
1036442,53324.01,53324.01000000007,True
1284813,522471.88,522471.87999999995,True
1326850,43435.74,43435.74000000011,True
1109274,83014.08,83014.08000000013,True
1065429,12338.25,12338.250000000175,True
1176366,21153.0,21153.000000000175,True
1338775,92992.38,92992.38000000012,True
1175574,98374.25,98374.25000000017,True
1000676,28579.38,28579.380000000063,True
1474041,224440.15,224440.15000000005,True
1072026,66929.4,66929.40000000008,True
1095023,130952.4,130952.40000000008,True
1157499,30487.89,30487.89000000019,True
1213360,90088.24,90088.24000000005,True
1497308,32348.4,32348.400000000198,True
1483273,189313.2,189313.20000000004,True
1046632,80500.86,80500.86000000004,True
1001799,163858.14,163858.1400000001,True
1169164,908898.12,908898.1199999996,True
1324766,138664.68,138664.68000000005,True
1265098,36296.7,36296.70000000013,True
1354236,42784.01,42784.01000000007,True
1308607,217944.1,217944.10000000003,True
1249364,43108.26,43108.260000000126,True
1463975,101478.79,101478.7900000001,True
1182777,108403.74,108403.74000000005,True
1047678,182982.0,182982.00000000012,True
1355039,610284.36,610284.3599999999,True
1053873,74716.11,74716.1100000001,True
1495143,71015.04,71015.04000000004,True
1449959,47300.46,47300.46000000014,True
1398189,181563.24,181563.24000000005,True
1123677,156327.64,156327.64000000007,True
1239638,184796.15,184796.15000000005,True
1224124,34213.44,34213.44000000018,True
1243780,18543.64,18543.64000000019,True
1105868,343767.27,343767.27,True
1060080,140431.76,140431.76000000013,True
1427893,557685.6,557685.5999999999,True
1077807,47513.9,47513.90000000014,True
1053759,40509.59,40509.59000000014,True
1210959,112994.0,112994.00000000006,True
1300228,318066.3,318066.30000000005,True
1459392,160032.62,160032.62000000005,True
1397006,42403.46,42403.46000000014,True
1003483,62381.46,62381.46000000014,True
1043133,43101.12,43101.12000000011,True
1459466,10804.48,10804.480000000156,True
1098403,18544.04,18544.040000000154,True
1224554,761200.9,761200.8999999998,True
1471996,103061.4,103061.40000000002,True
1108023,8604.21,8604.210000000254,True
1416380,245871.36,245871.36,True
1472867,301300.8,301300.80000000005,True
1443549,201045.96,201045.96000000008,True
1305258,44912.82,44912.82000000012,True
1369978,555238.26,555238.2599999999,True
1377137,116307.9,116307.90000000008,True
1185607,468232.0,468231.99999999994,True
1198109,450429.72,450429.7199999999,True
1314281,193890.1,193890.10000000003,True
1164578,1063935.6,1063935.5999999999,True
1231975,18566.75,18566.750000000175,True
1099032,139995.36,139995.36000000007,True
1496380,28833.76,28833.760000000184,True
1449454,270207.6,270207.6,True
1439063,135948.15,135948.1500000001,True
1391449,36207.12,36207.12000000005,True
1171853,23826.0,23826.00000000006,True
1266795,15390.09,15390.090000000142,True
1306717,49109.4,49109.40000000008,True
1410604,147474.27,147474.2700000001,True
1074500,423771.48,423771.48,True
1413065,1018749.63,1018749.6299999997,True
1383679,662433.66,662433.6599999999,True
1450667,833833.78,833833.7799999998,True
1311435,77920.92,77920.92000000004,True
1026637,45129.42,45129.4200000001,True
1064289,296079.75,296079.75,True
1448423,56706.51,56706.510000000126,True
1276345,43317.72,43317.72000000015,True
1153100,95917.29,95917.2900000001,True
1142721,37330.54,37330.54000000021,True
1321116,4983.0,4983.000000000175,True
1148174,37147.3,37147.300000000105,True
1287775,21386.68,21386.68000000011,True
1277456,339045.31,339045.31,True
1276845,441742.4,441742.39999999997,True
1495774,362549.54,362549.54,True
1018804,284996.75,284996.75000000006,True
1214912,487052.64,487052.64,True
1102319,224658.06,224658.0600000001,True
1169889,575102.47,575102.47,True
1014359,828913.92,828913.9199999999,True
1459818,117223.99,117223.99000000005,True
1115815,39814.4,39814.40000000014,True
1188043,138713.92,138713.92000000007,True
1075902,108423.7,108423.70000000007,True
1342446,37077.36,37077.3600000001,True
1062108,33473.76,33473.76000000007,True
1063874,17785.32,17785.32000000018,True
1392430,707533.2,707533.1999999997,True
1114657,40221.09,40221.09000000014,True
1332751,475339.2,475339.19999999995,True
1474946,296899.7,296899.70000000007,True
1270778,170439.12,170439.12000000005,True
1484748,33269.28,33269.280000000086,True
1018294,346467.1,346467.10000000003,True
1194538,154200.62,154200.62000000005,True
1317177,12814.55,12814.550000000105,True
1056504,354447.84,354447.84,True
1475599,389689.65,389689.64999999997,True
1260237,389668.68,389668.68,True
1070475,3482.4,3482.400000000198,True
1231588,183718.44,183718.44000000012,True
1002648,164966.12,164966.12000000005,True
1319523,676885.6,676885.5999999999,True
1256150,292626.82,292626.82000000007,True
1482389,492642.95,492642.94999999995,True
1094609,73951.2,73951.20000000013,True
1328712,74990.7,74990.70000000013,True
1485308,299106.6,299106.6,True
1295170,131713.68,131713.6800000001,True
1481408,174138.36,174138.36000000004,True
1437002,313213.12,313213.12000000005,True
1413479,57429.21,57429.21000000008,True
1266108,173904.39,173904.39000000007,True
1346944,171376.92,171376.92000000007,True
1469528,716668.87,716668.8699999999,True
1200772,56682.34,56682.34000000014,True
1153680,527934.7,527934.6999999998,True
1220210,155643.79,155643.79000000004,True
1378309,274327.9,274327.9,True
1089201,536993.08,536993.0799999998,True
1244880,23446.06,23446.060000000114,True
1452095,32370.1,32370.100000000093,True
1157476,904278.06,904278.0599999998,True
1281378,338473.52,338473.5200000001,True
1052245,214113.2,214113.2,True
1490887,16043.5,16043.500000000116,True
1122139,34335.96,34335.960000000196,True
1315935,24535.16,24535.16000000009,True
1422007,455279.88,455279.88,True
1067836,90562.94,90562.94000000012,True
1097687,9496.42,9496.420000000217,True
1499474,327208.7,327208.7,True
1242310,555381.32,555381.3199999998,True
1496188,49938.75,49938.75000000012,True
1140632,111872.88,111872.88000000012,True
1011872,122765.1,122765.10000000015,True
1310440,1261508.6,1261508.5999999996,True
1252443,69555.86,69555.86000000004,True
1481101,123756.43,123756.43000000005,True
1342947,1030933.74,1030933.7399999998,True
1032727,50435.35,50435.35000000009,True
1034418,15069.28,15069.280000000203,True
1204594,511705.53,511705.53,True
1020517,143064.75,143064.75000000006,True
1212891,119179.2,119179.20000000007,True
1406663,210980.22,210980.22000000006,True
1237575,240982.5,240982.5,True
1271531,15787.17,15787.170000000217,True
1218260,47093.57,47093.57000000012,True
1233547,25030.74,25030.740000000165,True
1156787,54429.2,54429.20000000013,True
1029402,340269.75,340269.75,True
1235804,282068.73,282068.73,True
1478545,261167.25,261167.25000000006,True
1074541,178026.72,178026.72000000003,True
1300093,24538.2,24538.200000000128,True
1329323,35552.34,35552.34000000014,True
1125348,371174.04,371174.04,True
1231556,5420.28,5420.280000000203,True
1340760,32585.52,32585.520000000135,True
1396034,157971.52,157971.52000000008,True
1203795,37057.3,37057.30000000005,True
1311866,444309.62,444309.61999999994,True
1489230,43296.64,43296.64000000007,True
1165028,4331.4,4331.400000000198,True
1417826,98370.58,98370.58000000007,True
1326196,184762.4,184762.40000000002,True
1026933,33789.0,33789.000000000175,True
1443743,438518.4,438518.4,True
1480122,125375.88,125375.88000000009,True
1438225,63823.2,63823.20000000013,True
1480535,9014.0,9014.000000000175,True
1446165,258272.32,258272.32,True
1170409,383497.5,383497.5,True
1496859,183012.53,183012.53000000014,True
1252378,11042.64,11042.640000000072,True
1068645,92884.68,92884.68000000011,True
1264586,384723.5,384723.5,True
1215261,93472.08,93472.08000000013,True
1075038,250566.96,250566.96000000008,True
1006501,67184.0,67184.00000000012,True
1039646,64533.96,64533.96000000014,True
1253133,293548.8,293548.80000000005,True
1359259,160147.2,160147.20000000004,True
1096335,44633.2,44633.200000000186,True
1215584,106713.62,106713.62000000005,True
1415932,201184.62,201184.62000000005,True
1201727,445441.62,445441.61999999994,True
1440367,869806.86,869806.8599999999,True
1253337,14121.1,14121.100000000093,True
1184593,310290.72,310290.72,True
1352201,140829.77,140829.77000000005,True
1213594,918038.16,918038.1599999997,True
1213728,549.27,549.2700000001932,True
1433932,103658.28,103658.27999999997,True
1462758,67641.92,67641.9200000001,True
1330090,36160.4,36160.40000000008,True
1363235,6315.8,6315.800000000221,True
1163263,11816.56,11816.560000000114,True
1053849,65884.42,65884.4200000001,True
1165003,95367.96,95367.96000000014,True
1026385,527796.7,527796.7,True
1332570,426493.0,426492.99999999994,True
1178287,60202.76,60202.76000000007,True
1199248,1085267.74,1085267.7399999998,True
1363884,817014.0,817013.9999999998,True
1348008,47368.05,47368.050000000105,True
1399018,237283.48,237283.48000000004,True
1176311,592893.4,592893.3999999999,True
1392815,9312.01,9312.010000000184,True
1015409,16729.14,16729.14000000019,True
1179483,239179.98,239179.98000000007,True
1142327,36695.84,36695.84000000014,True
1352317,21467.16,21467.16000000009,True
1197478,589332.71,589332.7099999998,True
1414210,22033.8,22033.800000000105,True
1379933,452212.37,452212.37,True
1106299,2034.39,2034.3900000001886,True
1160458,27151.4,27151.40000000014,True
1126781,1313424.2,1313424.1999999997,True
1048835,201885.21,201885.21000000008,True
1035091,20995.55,20995.550000000105,True
1055934,30052.8,30052.800000000105,True
1406257,836184.0,836183.9999999998,True
1473625,358448.56,358448.56000000006,True
1392526,4882.32,4882.320000000123,True
1374937,151030.88,151030.88000000006,True
1168858,35184.8,35184.800000000105,True
1459222,21959.08,21959.080000000133,True
1011355,824423.14,824423.1399999999,True
